# Timestamp,TargetTPS,Tilt,RightTPS,RightError,RightPowerPID,RightPowerFF,RightPower,LeftTPS,LeftError,LeftPowerPID,LeftPowerFF,LeftPower
# 0.000 PIDF Config: kP=0.0095 kI=0.005 kD=0.0
# 0.000 Feedforward Config: kS=0.0 kV_Left=3.2E-4 kV_Right=3.8E-4 kA=0.01
0.387865664,750.0,0.0,-0.0,750.0,7.125,0.28500000000000003,1.0,0.0,750.0,7.125,0.24000000000000002,1.0
0.430442877,750.0,0.0,40.0,710.0,6.75,0.28500000000000003,1.0,40.0,710.0,6.75,0.24000000000000002,1.0
0.514120302,750.0,0.0,220.0,530.0,5.04,0.28500000000000003,1.0,200.0,550.0,5.2299999999999995,0.24000000000000002,1.0
0.550744597,750.0,0.0,300.0,450.0,4.279999999999999,0.28500000000000003,1.0,280.0,470.0,4.47,0.24000000000000002,1.0
0.583074101,750.0,0.0,340.0,410.0,3.9,0.28500000000000003,1.0,320.0,430.0,4.09,0.24000000000000002,1.0
0.641013106,750.0,0.0,460.0,290.0,2.76,0.28500000000000003,1.0,420.0,330.0,3.1399999999999997,0.24000000000000002,1.0
0.675712985,750.0,0.0,500.0,250.0,2.38,0.28500000000000003,1.0,480.0,270.0,2.57,0.24000000000000002,1.0
0.703751196,750.0,0.0,540.0,210.0,1.9999999999999998,0.28500000000000003,1.0,520.0,230.0,2.19,0.24000000000000002,1.0
0.731539157,750.0,0.0,580.0,170.0,1.6199999999999999,0.28500000000000003,1.0,560.0,190.0,1.8099999999999998,0.24000000000000002,1.0
0.78879333,750.0,0.0,660.0,90.0,0.86,0.28500000000000003,1.0,640.0,110.0,1.0499999999999998,0.24000000000000002,1.0
0.819983583,750.0,0.0,720.0,30.0,0.29,0.28500000000000003,0.575,680.0,70.0,0.67,0.24000000000000002,0.91
# 0.858 Shooter Ready
0.861434962,750.0,0.0,760.0,-10.0,-0.09206879185000162,0.28500000000000003,0.19293120814999842,740.0,10.0,0.1,0.24000000000000002,0.34
0.935791303,750.0,0.0,800.0,-50.0,-0.48,0.28500000000000003,-0.19499999999999995,800.0,-50.0,-0.48,0.24000000000000002,-0.23999999999999996
# 0.982 Shooter Ready
0.985674474,750.0,0.0,780.0,-30.0,-0.29,0.28500000000000003,-0.004999999999999949,760.0,-10.0,-0.1,0.24000000000000002,0.14
1.020610603,750.0,0.0,740.0,10.0,0.09175481270000546,0.28500000000000003,0.3767548127000055,720.0,30.0,0.28526456934999256,0.24000000000000002,0.5252645693499925
1.083424234,750.0,0.0,720.0,30.0,0.29,0.28500000000000003,0.575,740.0,10.0,0.09831124669998645,0.24000000000000002,0.33831124669998647
1.126690655,750.0,0.0,720.0,30.0,0.29,0.28500000000000003,0.575,760.0,-10.0,-0.0940142994000098,0.24000000000000002,0.14598570059999022
# 1.167 Shooter Ready
1.171848243,750.0,0.0,740.0,10.0,0.1,0.28500000000000003,0.385,740.0,10.0,0.09814791329999026,0.24000000000000002,0.3381479132999903
1.230930291,750.0,0.0,760.0,-10.0,-0.09292279194998174,0.28500000000000003,0.1920772080500183,760.0,-10.0,-0.09477495160001581,0.24000000000000002,0.1452250483999842
1.27187767,750.0,0.0,780.0,-30.0,-0.2892170175499859,0.28500000000000003,-0.00421701754998588,740.0,10.0,0.09732300689996919,0.24000000000000002,0.3373230068999692
1.306425007,750.0,0.0,780.0,-30.0,-0.29,0.28500000000000003,-0.004999999999999949,740.0,10.0,0.0990437383499875,0.24000000000000002,0.3390437383499875
# 1.359 Shooter Ready
1.363472971,750.0,0.0,740.0,10.0,0.09286362735000694,0.28500000000000003,0.377863627350007,760.0,-10.0,-0.09382002024999565,0.24000000000000002,0.14617997975000435
1.401215224,750.0,0.0,740.0,10.0,0.09475359839999783,0.28500000000000003,0.3797535983999979,740.0,10.0,0.09807009660002222,0.24000000000000002,0.33807009660002224
1.452796188,750.0,0.0,720.0,30.0,0.29,0.28500000000000003,0.575,780.0,-30.0,-0.28820111659996656,0.24000000000000002,-0.04820111659996654
1.529366571,750.0,0.0,760.0,-10.0,-0.09427736505000667,0.28500000000000003,0.19072263494999336,720.0,30.0,0.29,0.24000000000000002,0.53
1.567973616,750.0,0.0,780.0,-30.0,-0.28989259059995215,0.28500000000000003,-0.004892590599952118,700.0,50.0,0.48,0.24000000000000002,0.72
1.597269203,750.0,0.0,780.0,-30.0,-0.29,0.28500000000000003,-0.004999999999999949,720.0,30.0,0.29,0.24000000000000002,0.53
# 1.655 Shooter Ready
1.659429792,750.0,0.0,740.0,10.0,0.09307189200000267,0.28500000000000003,0.3780718920000027,760.0,-10.0,-0.09307173154999418,0.24000000000000002,0.14692826845000584
1.70258188,750.0,0.0,740.0,10.0,0.09523477555000227,0.28500000000000003,0.3802347755500023,780.0,-30.0,-0.28956020730000087,0.24000000000000002,-0.04956020730000085
# 1.739 Shooter Ready
1.743335592,750.0,0.0,740.0,10.0,0.09727412365001784,0.28500000000000003,0.3822741236500179,760.0,-10.0,-0.1,0.24000000000000002,0.14
1.805352098,750.0,0.0,760.0,-10.0,-0.09583564124998248,0.28500000000000003,0.18916435875001755,740.0,10.0,0.09310982324999714,0.24000000000000002,0.33310982324999716
1.846897978,750.0,0.0,740.0,10.0,0.09620192769999904,0.28500000000000003,0.38120192769999905,740.0,10.0,0.0951469984500045,0.24000000000000002,0.3351469984500045
1.885862898,750.0,0.0,740.0,10.0,0.09814514250000685,0.28500000000000003,0.38314514250000686,740.0,10.0,0.09709035904999383,0.24000000000000002,0.33709035904999385
1.957838364,750.0,0.0,740.0,10.0,0.1,0.28500000000000003,0.385,740.0,10.0,0.1,0.24000000000000002,0.34
2.013191161,750.0,0.0,780.0,-30.0,-0.28925045724998194,0.28500000000000003,-0.004250457249981909,760.0,-10.0,-0.09308545450000111,0.24000000000000002,0.1469145454999989
2.084968293,750.0,0.0,740.0,10.0,0.09441487435003637,0.28500000000000003,0.3794148743500364,740.0,10.0,0.1,0.24000000000000002,0.34
2.128798506,750.0,0.0,740.0,10.0,0.09661150375002307,0.28500000000000003,0.3816115037500231,760.0,-10.0,-0.09219668769998407,0.24000000000000002,0.14780331230001595
2.176817636,750.0,0.0,740.0,10.0,0.09903219150003224,0.28500000000000003,0.38403219150003226,740.0,10.0,0.1,0.24000000000000002,0.34
2.249054143,750.0,0.0,740.0,10.0,0.1,0.28500000000000003,0.385,740.0,10.0,0.1,0.24000000000000002,0.34
2.328265859,750.0,0.0,760.0,-10.0,-0.09396057119999114,0.28500000000000003,0.1910394288000089,740.0,10.0,0.1,0.24000000000000002,0.34
2.348848778,750.0,0.0,760.0,-10.0,-0.09499021299999641,0.28500000000000003,0.19000978700000362,740.0,10.0,0.1,0.24000000000000002,0.34
2.373538072,750.0,0.0,760.0,-10.0,-0.09622103185000924,0.28500000000000003,0.1887789681499908,740.0,10.0,0.1,0.24000000000000002,0.34
2.392499616,750.0,0.0,760.0,-10.0,-0.09705821735000428,0.28500000000000003,0.18794178264999575,760.0,-10.0,-0.09083727300000191,0.24000000000000002,0.1491627269999981
2.411396993,750.0,0.0,760.0,-10.0,-0.09799777785000516,0.28500000000000003,0.18700222214999487,760.0,-10.0,-0.09177560849999736,0.24000000000000002,0.14822439150000266
2.43610262,830.7749999999999,0.95,760.0,70.77499999999986,0.6773624999999986,0.3156945,0.9930569999999986,760.0,70.77499999999986,0.6773624999999986,0.265848,0.9432104999999986
2.45122758,830.7749999999999,0.95,760.0,70.77499999999986,0.6773624999999986,0.3156945,0.9930569999999986,760.0,70.77499999999986,0.6773624999999986,0.265848,0.9432104999999986
2.46977379,830.7749999999999,0.95,780.0,50.774999999999864,0.4873624999999987,0.3156945,0.8030569999999987,760.0,70.77499999999986,0.6773624999999986,0.265848,0.9432104999999986
2.491620501,830.7749999999999,0.95,780.0,50.774999999999864,0.4873624999999987,0.3156945,0.8030569999999987,780.0,50.774999999999864,0.4873624999999987,0.265848,0.7532104999999987
# 2.516 Shooter Ready
2.520291629,830.7749999999999,0.95,800.0,30.774999999999864,0.2973624999999987,0.3156945,0.6130569999999986,800.0,30.774999999999864,0.2973624999999987,0.265848,0.5632104999999987
2.537864547,830.7749999999999,0.95,840.0,-9.225000000000136,-0.08345029754538338,0.3156945,0.2322442024546166,820.0,10.774999999999864,0.10736249999999871,0.265848,0.37321049999999867
2.560091591,830.7749999999999,0.95,840.0,-9.225000000000136,-0.08447370377799811,0.3156945,0.23122079622200187,840.0,-9.225000000000136,-0.08366091970112043,0.265848,0.18218708029887953
2.577387426,830.7749999999999,0.95,860.0,-29.225000000000136,-0.27700583098663273,0.3156945,0.03868866901336726,840.0,-9.225000000000136,-0.08446014302800088,0.265848,0.1813878569719991
2.594748011,830.7749999999999,0.95,860.0,-29.225000000000136,-0.27956020587266345,0.3156945,0.03613429412733654,820.0,10.774999999999864,0.1064816953042331,0.265848,0.3723296953042331
2.609520929,830.7749999999999,0.95,780.0,50.774999999999864,0.48422906941626703,0.3156945,0.799923569416267,740.0,90.77499999999986,0.8673624999999987,0.265848,1.0
2.622971722,830.7749999999999,0.95,700.0,130.77499999999986,1.2473624999999986,0.3156945,1.0,660.0,170.77499999999986,1.6273624999999985,0.265848,1.0
2.63524039,830.7749999999999,0.95,680.0,150.77499999999986,1.4373624999999985,0.3156945,1.0,660.0,170.77499999999986,1.6273624999999985,0.265848,1.0
2.648662016,830.7749999999999,0.95,700.0,130.77499999999986,1.2473624999999986,0.3156945,1.0,660.0,170.77499999999986,1.6273624999999985,0.265848,1.0
2.660546851,830.7749999999999,0.95,720.0,110.77499999999986,1.0573624999999987,0.3156945,1.0,680.0,150.77499999999986,1.4373624999999985,0.265848,1.0
2.674049852,830.7749999999999,0.95,740.0,90.77499999999986,0.8673624999999987,0.3156945,1.0,720.0,110.77499999999986,1.0573624999999987,0.265848,1.0
2.686433145,830.7749999999999,0.95,740.0,90.77499999999986,0.8673624999999987,0.3156945,1.0,720.0,110.77499999999986,1.0573624999999987,0.265848,1.0
2.700921105,830.7749999999999,0.95,760.0,70.77499999999986,0.6773624999999986,0.3156945,0.9930569999999986,740.0,90.77499999999986,0.8673624999999987,0.265848,1.0
2.715541773,830.7749999999999,0.95,780.0,50.774999999999864,0.4873624999999987,0.3156945,0.8030569999999987,760.0,70.77499999999986,0.6773624999999986,0.265848,0.9432104999999986
2.727928566,830.7749999999999,0.95,800.0,30.774999999999864,0.2973624999999987,0.3156945,0.6130569999999986,760.0,70.77499999999986,0.6773624999999986,0.265848,0.9432104999999986
2.746281401,830.7749999999999,0.95,820.0,10.774999999999864,0.10736249999999871,0.3156945,0.4230569999999987,780.0,50.774999999999864,0.4873624999999987,0.265848,0.7532104999999987
# 2.759 Shooter Ready
2.76294082,830.7749999999999,0.95,840.0,-9.225000000000136,-0.08344077273288908,0.3156945,0.2322537272671109,820.0,10.774999999999864,0.10736249999999871,0.265848,0.37321049999999867
2.777980904,830.7749999999999,0.95,840.0,-9.225000000000136,-0.0841339719816402,0.3156945,0.2315605280183598,820.0,10.774999999999864,0.10736249999999871,0.265848,0.37321049999999867
2.794018198,830.7749999999999,0.95,860.0,-29.225000000000136,-0.2764211632962178,0.3156945,0.03927333670378219,860.0,-29.225000000000136,-0.27492464879225487,0.265848,-0.009076648792254893
2.808901366,830.7749999999999,0.95,860.0,-29.225000000000136,-0.2786338552637666,0.3156945,0.037060644736233384,840.0,-9.225000000000136,-0.08562310818212918,0.265848,0.1802248918178708
2.830332743,830.7749999999999,0.95,860.0,-29.225000000000136,-0.28177024602474,0.3156945,0.03392425397526,860.0,-29.225000000000136,-0.27875941375226465,0.265848,-0.012911413752264678
2.851632579,830.7749999999999,0.95,860.0,-29.225000000000136,-0.2826375000000013,0.3156945,0.03305699999999867,820.0,10.774999999999864,0.10229215227737394,0.265848,0.3681401522773739
# 2.865 Shooter Ready
2.86868283,830.7749999999999,0.95,860.0,-29.225000000000136,-0.2826375000000013,0.3156945,0.03305699999999867,840.0,-9.225000000000136,-0.08857164604949032,0.265848,0.17727635395050967
2.882168623,830.7749999999999,0.95,860.0,-29.225000000000136,-0.2826375000000013,0.3156945,0.03305699999999867,840.0,-9.225000000000136,-0.08925378682950232,0.265848,0.17659421317049767
2.898257833,830.7749999999999,0.95,840.0,-9.225000000000136,-0.0926375000000013,0.3156945,0.22305699999999867,840.0,-9.225000000000136,-0.08985741515661484,0.265848,0.17599058484338514
2.912254626,830.7749999999999,0.95,840.0,-9.225000000000136,-0.0926375000000013,0.3156945,0.22305699999999867,820.0,10.774999999999864,0.10106017721676747,0.265848,0.36690817721676744
2.927884461,830.7749999999999,0.95,840.0,-9.225000000000136,-0.0926375000000013,0.3156945,0.22305699999999867,840.0,-9.225000000000136,-0.08965617484472715,0.265848,0.17619182515527282
2.941335838,830.7749999999999,0.95,840.0,-9.225000000000136,-0.0926375000000013,0.3156945,0.22305699999999867,820.0,10.774999999999864,0.10107756903727022,0.265848,0.3669255690372702
2.958047756,830.7749999999999,0.95,840.0,-9.225000000000136,-0.0926375000000013,0.3156945,0.22305699999999867,820.0,10.774999999999864,0.10187427711664326,0.265848,0.36772227711664324
2.97854755,830.7749999999999,0.95,820.0,10.774999999999864,0.09828565496712768,0.3156945,0.4139801549671277,800.0,30.774999999999864,0.2945110794244502,0.265848,0.5603590794244502
3.011707136,830.7749999999999,0.95,740.0,90.77499999999986,0.8673624999999987,0.3156945,1.0,700.0,130.77499999999986,1.2473624999999986,0.265848,1.0
3.02905693,830.7749999999999,0.95,640.0,190.77499999999986,1.8173624999999987,0.3156945,1.0,640.0,190.77499999999986,1.8173624999999987,0.265848,1.0
3.042670473,830.7749999999999,0.95,660.0,170.77499999999986,1.6273624999999985,0.3156945,1.0,680.0,150.77499999999986,1.4373624999999985,0.265848,1.0
3.054155141,830.7749999999999,0.95,680.0,150.77499999999986,1.4373624999999985,0.3156945,1.0,680.0,150.77499999999986,1.4373624999999985,0.265848,1.0
3.065482308,830.7749999999999,0.95,680.0,150.77499999999986,1.4373624999999985,0.3156945,1.0,700.0,130.77499999999986,1.2473624999999986,0.265848,1.0
3.081151518,830.7749999999999,0.95,700.0,130.77499999999986,1.2473624999999986,0.3156945,1.0,700.0,130.77499999999986,1.2473624999999986,0.265848,1.0
3.092663019,830.7749999999999,0.95,720.0,110.77499999999986,1.0573624999999987,0.3156945,1.0,720.0,110.77499999999986,1.0573624999999987,0.265848,1.0
3.105390771,830.7749999999999,0.95,720.0,110.77499999999986,1.0573624999999987,0.3156945,1.0,740.0,90.77499999999986,0.8673624999999987,0.265848,1.0
3.126851023,830.7749999999999,0.95,760.0,70.77499999999986,0.6773624999999986,0.3156945,0.9930569999999986,780.0,50.774999999999864,0.4873624999999987,0.265848,0.7532104999999987
3.139613774,830.7749999999999,0.95,780.0,50.774999999999864,0.4873624999999987,0.3156945,0.8030569999999987,780.0,50.774999999999864,0.4873624999999987,0.265848,0.7532104999999987
# 3.152 Shooter Ready
3.159419984,830.7749999999999,0.95,820.0,10.774999999999864,0.10736249999999871,0.3156945,0.4230569999999987,820.0,10.774999999999864,0.10736249999999871,0.265848,0.37321049999999867
3.178048736,830.7749999999999,0.95,840.0,-9.225000000000136,-0.08366991984175089,0.3156945,0.23202458015824912,840.0,-9.225000000000136,-0.08366990637324649,0.265848,0.18217809362675347
3.195906613,830.7749999999999,0.95,860.0,-29.225000000000136,-0.2762530204186137,0.3156945,0.039441479581386274,820.0,10.774999999999864,0.1072824443722678,0.265848,0.3731304443722678
# 3.215 Shooter Ready
3.219007782,830.7749999999999,0.95,860.0,-29.225000000000136,-0.27967087233252347,0.3156945,0.03602362766747652,860.0,-29.225000000000136,-0.2761354927324799,0.265848,-0.01028749273247992
3.234518617,830.7749999999999,0.95,860.0,-29.225000000000136,-0.2818661754249666,0.3156945,0.033828324575033375,840.0,-9.225000000000136,-0.08682844982498289,0.265848,0.17901955017501708
3.250498452,830.7749999999999,0.95,860.0,-29.225000000000136,-0.2826375000000013,0.3156945,0.03305699999999867,840.0,-9.225000000000136,-0.0875873810271071,0.265848,0.17826061897289286
3.267353579,830.7749999999999,0.95,860.0,-29.225000000000136,-0.2826375000000013,0.3156945,0.03305699999999867,820.0,10.774999999999864,0.10340136228087964,0.265848,0.3692493622808796
# 3.284 Shooter Ready
3.287229789,830.7749999999999,0.95,860.0,-29.225000000000136,-0.2826375000000013,0.3156945,0.03305699999999867,840.0,-9.225000000000136,-0.08748089374887841,0.265848,0.17836710625112157
3.303100832,830.7749999999999,0.95,840.0,-9.225000000000136,-0.0926375000000013,0.3156945,0.22305699999999867,840.0,-9.225000000000136,-0.08819047890386832,0.265848,0.17765752109613164
3.317228292,830.7749999999999,0.95,840.0,-9.225000000000136,-0.0926375000000013,0.3156945,0.22305699999999867,840.0,-9.225000000000136,-0.08889648549686364,0.265848,0.17695151450313634
3.333044502,830.7749999999999,0.95,840.0,-9.225000000000136,-0.0926375000000013,0.3156945,0.22305699999999867,840.0,-9.225000000000136,-0.08961782869849459,0.265848,0.17623017130150537
3.35133842,830.7749999999999,0.95,860.0,-29.225000000000136,-0.2826375000000013,0.3156945,0.03305699999999867,820.0,10.774999999999864,0.1013074161337568,0.265848,0.3671554161337568
# 3.366 Shooter Ready
3.368897047,830.7749999999999,0.95,860.0,-29.225000000000136,-0.2826375000000013,0.3156945,0.03305699999999867,840.0,-9.225000000000136,-0.08955358397387468,0.265848,0.17629441602612528
3.383425549,830.7749999999999,0.95,840.0,-9.225000000000136,-0.0926375000000013,0.3156945,0.22305699999999867,820.0,10.774999999999864,0.10115948090525377,0.265848,0.36700748090525376
3.399637842,830.7749999999999,0.95,840.0,-9.225000000000136,-0.0926375000000013,0.3156945,0.22305699999999867,860.0,-29.225000000000136,-0.28141837743725356,0.265848,-0.01557037743725359
3.419058177,830.7749999999999,0.95,840.0,-9.225000000000136,-0.0926375000000013,0.3156945,0.22305699999999867,820.0,10.774999999999864,0.09962871023298844,0.265848,0.36547671023298844
3.435521887,830.7749999999999,0.95,840.0,-9.225000000000136,-0.0926375000000013,0.3156945,0.22305699999999867,840.0,-9.225000000000136,-0.09112212220326663,0.265848,0.17472587779673335
3.453350597,830.7749999999999,0.95,840.0,-9.225000000000136,-0.0926375000000013,0.3156945,0.22305699999999867,820.0,10.774999999999864,0.09982457161334465,0.265848,0.36567257161334465
3.471537766,830.7749999999999,0.95,840.0,-9.225000000000136,-0.0926375000000013,0.3156945,0.22305699999999867,820.0,10.774999999999864,0.10075930744272445,0.265848,0.3666073074427244
3.497773185,830.7749999999999,0.95,840.0,-9.225000000000136,-0.0926375000000013,0.3156945,0.22305699999999867,820.0,10.774999999999864,0.10195636517259846,0.265848,0.3678043651725984
3.521165146,830.7749999999999,0.95,840.0,-9.225000000000136,-0.0926375000000013,0.3156945,0.22305699999999867,820.0,10.774999999999864,0.10339658997772463,0.265848,0.3692445899777246
3.548436565,830.7749999999999,0.95,760.0,70.77499999999986,0.6768824020772449,0.3156945,0.9925769020772449,740.0,90.77499999999986,0.8673624999999987,0.265848,1.0
3.561020816,830.7749999999999,0.95,720.0,110.77499999999986,1.0573624999999987,0.3156945,1.0,660.0,170.77499999999986,1.6273624999999985,0.265848,1.0
3.576606026,830.7749999999999,0.95,660.0,170.77499999999986,1.6273624999999985,0.3156945,1.0,640.0,190.77499999999986,1.8173624999999987,0.265848,1.0
3.590367444,830.7749999999999,0.95,680.0,150.77499999999986,1.4373624999999985,0.3156945,1.0,640.0,190.77499999999986,1.8173624999999987,0.265848,1.0
3.606086238,830.7749999999999,0.95,700.0,130.77499999999986,1.2473624999999986,0.3156945,1.0,660.0,170.77499999999986,1.6273624999999985,0.265848,1.0
3.617361489,830.7749999999999,0.95,720.0,110.77499999999986,1.0573624999999987,0.3156945,1.0,680.0,150.77499999999986,1.4373624999999985,0.265848,1.0
3.633845615,830.7749999999999,0.95,740.0,90.77499999999986,0.8673624999999987,0.3156945,1.0,700.0,130.77499999999986,1.2473624999999986,0.265848,1.0
3.647639992,830.7749999999999,0.95,760.0,70.77499999999986,0.6773624999999986,0.3156945,0.9930569999999986,720.0,110.77499999999986,1.0573624999999987,0.265848,1.0
3.664578535,830.7749999999999,0.95,780.0,50.774999999999864,0.4873624999999987,0.3156945,0.8030569999999987,740.0,90.77499999999986,0.8673624999999987,0.265848,1.0
3.680474662,830.7749999999999,0.95,800.0,30.774999999999864,0.2973624999999987,0.3156945,0.6130569999999986,760.0,70.77499999999986,0.6773624999999986,0.265848,0.9432104999999986
3.700135914,830.7749999999999,0.95,820.0,10.774999999999864,0.10736249999999871,0.3156945,0.4230569999999987,780.0,50.774999999999864,0.4873624999999987,0.265848,0.7532104999999987
3.715854415,830.7749999999999,0.95,860.0,-29.225000000000136,-0.27484303184251835,0.3156945,0.04085146815748164,820.0,10.774999999999864,0.10736249999999871,0.265848,0.37321049999999867
# 3.734 Shooter Ready
3.738162834,830.7749999999999,0.95,860.0,-29.225000000000136,-0.2780991843154998,0.3156945,0.0375953156845002,840.0,-9.225000000000136,-0.08366537270088852,0.265848,0.18218262729911144
3.753382002,830.7749999999999,0.95,860.0,-29.225000000000136,-0.2803085092707225,0.3156945,0.035385990729277506,840.0,-9.225000000000136,-0.0843627154967622,0.265848,0.18148528450323775
3.773519838,830.7749999999999,0.95,860.0,-29.225000000000136,-0.2826375000000013,0.3156945,0.03305699999999867,860.0,-29.225000000000136,-0.2773641719486486,0.265848,-0.011516171948648624
3.797112465,830.7749999999999,0.95,880.0,-49.225000000000136,-0.47263750000000126,0.3156945,-0.15694300000000128,840.0,-9.225000000000136,-0.08843880769663469,0.265848,0.17740919230336527
3.81261455,830.7749999999999,0.95,880.0,-49.225000000000136,-0.47263750000000126,0.3156945,-0.15694300000000128,860.0,-29.225000000000136,-0.28096867610505144,0.265848,-0.015120676105051467
# 3.830 Shooter Ready
3.834335844,830.7749999999999,0.95,860.0,-29.225000000000136,-0.2826375000000013,0.3156945,0.03305699999999867,840.0,-9.225000000000136,-0.09189552924415906,0.265848,0.17395247075584092
3.850804221,830.7749999999999,0.95,840.0,-9.225000000000136,-0.0926375000000013,0.3156945,0.22305699999999867,820.0,10.774999999999864,0.09899184598860947,0.265848,0.3648398459886094
3.871259389,830.7749999999999,0.95,820.0,10.774999999999864,0.09848441551976497,0.3156945,0.41417891551976493,820.0,10.774999999999864,0.10011374583072052,0.265848,0.3659617458307205
3.888778058,830.7749999999999,0.95,820.0,10.774999999999864,0.09941094888038637,0.3156945,0.41510544888038636,820.0,10.774999999999864,0.1010402477822306,0.265848,0.36688824778223056
3.90836931,830.7749999999999,0.95,840.0,-9.225000000000136,-0.09150733464886035,0.3156945,0.22418716535113964,820.0,10.774999999999864,0.10211285420821364,0.265848,0.3679608542082136
3.927389478,830.7749999999999,0.95,820.0,10.774999999999864,0.0995087187586359,0.3156945,0.41520321875863586,820.0,10.774999999999864,0.10312889193810369,0.265848,0.3689768919381037
3.950719022,830.7749999999999,0.95,800.0,30.774999999999864,0.2930884093632967,0.3156945,0.6087829093632967,820.0,10.774999999999864,0.10438223557422187,0.265848,0.37023023557422186
3.966291691,830.7749999999999,0.95,820.0,10.774999999999864,0.1039122547111696,0.3156945,0.4196067547111696,820.0,10.774999999999864,0.10520611233123055,0.265848,0.37105411233123053
3.987333693,830.7749999999999,0.95,840.0,-9.225000000000136,-0.08702837444332003,0.3156945,0.22866612555667998,820.0,10.774999999999864,0.10630475616760707,0.265848,0.372152756167607
4.007836403,830.7749999999999,0.95,820.0,10.774999999999864,0.10395859319855345,0.3156945,0.41965309319855343,840.0,-9.225000000000136,-0.08454023469051665,0.265848,0.18130776530948334
4.031755697,830.7749999999999,0.95,840.0,-9.225000000000136,-0.08716218678357338,0.3156945,0.2285323132164266,820.0,10.774999999999864,0.10676881343284506,0.265848,0.37261681343284503
4.054568408,830.7749999999999,0.95,860.0,-29.225000000000136,-0.2806826671070987,0.3156945,0.03501183289290127,840.0,-9.225000000000136,-0.08434219958053939,0.265848,0.18150580041946057
4.070655576,830.7749999999999,0.95,840.0,-9.225000000000136,-0.09150353652746564,0.3156945,0.22419096347253437,840.0,-9.225000000000136,-0.08516336493890198,0.265848,0.180684635061098
4.086538286,830.7749999999999,0.95,820.0,10.774999999999864,0.09935484722091303,0.3156945,0.415049347220913,840.0,-9.225000000000136,-0.08589832271840223,0.265848,0.17994967728159775
4.103352871,830.7749999999999,0.95,840.0,-9.225000000000136,-0.09141215585621701,0.3156945,0.22428234414378298,820.0,10.774999999999864,0.10499758491361447,0.265848,0.3708455849136144
4.119271456,830.7749999999999,0.95,840.0,-9.225000000000136,-0.09213943188596779,0.3156945,0.2235550681140322,820.0,10.774999999999864,0.10584704335236024,0.265848,0.3716950433523602
4.138464291,830.7749999999999,0.95,860.0,-29.225000000000136,-0.2826375000000013,0.3156945,0.03305699999999867,820.0,10.774999999999864,0.10691363156373808,0.265848,0.37276163156373804
# 4.153 Shooter Ready
4.15741096,830.7749999999999,0.95,840.0,-9.225000000000136,-0.0926375000000013,0.3156945,0.22305699999999867,840.0,-9.225000000000136,-0.08393092876363706,0.265848,0.18191707123636291
4.172183003,830.7749999999999,0.95,840.0,-9.225000000000136,-0.0926375000000013,0.3156945,0.22305699999999867,820.0,10.774999999999864,0.10694087433135283,0.265848,0.37278887433135277
4.189532505,830.7749999999999,0.95,820.0,10.774999999999864,0.09816200510776246,0.3156945,0.41385650510776245,820.0,10.774999999999864,0.10736249999999871,0.265848,0.37321049999999867
4.205023798,830.7749999999999,0.95,840.0,-9.225000000000136,-0.09263003425034813,0.3156945,0.22306446574965186,840.0,-9.225000000000136,-0.08343076360785666,0.265848,0.1824172363921433
4.221150049,830.7749999999999,0.95,800.0,30.774999999999864,0.28981153899729917,0.3156945,0.6055060389972992,840.0,-9.225000000000136,-0.08416266745112264,0.265848,0.18168533254887734
# 4.235 Shooter Ready
4.239224051,830.7749999999999,0.95,840.0,-9.225000000000136,-0.09098927181369816,0.3156945,0.22470522818630184,840.0,-9.225000000000136,-0.08496345137123573,0.265848,0.18088454862876424
4.256390386,830.7749999999999,0.95,840.0,-9.225000000000136,-0.09180369720256482,0.3156945,0.22389080279743517,820.0,10.774999999999864,0.10598779940839888,0.265848,0.37183579940839884
4.274411596,830.7749999999999,0.95,840.0,-9.225000000000136,-0.0926265845455692,0.3156945,0.22306791545443078,840.0,-9.225000000000136,-0.08483463055909715,0.265848,0.18101336944090282
4.289385473,830.7749999999999,0.95,840.0,-9.225000000000136,-0.0926375000000013,0.3156945,0.22305699999999867,840.0,-9.225000000000136,-0.08555353872972195,0.265848,0.18029446127027804
4.305443183,830.7749999999999,0.95,860.0,-29.225000000000136,-0.2826375000000013,0.3156945,0.03305699999999867,820.0,10.774999999999864,0.1052944583496441,0.265848,0.3711424583496441
# 4.319 Shooter Ready
4.32405356,830.7749999999999,0.95,840.0,-9.225000000000136,-0.0926375000000013,0.3156945,0.22305699999999867,840.0,-9.225000000000136,-0.08551442429023459,0.265848,0.18033357570976538
4.339802103,830.7749999999999,0.95,840.0,-9.225000000000136,-0.0926375000000013,0.3156945,0.22305699999999867,820.0,10.774999999999864,0.10547359617690212,0.265848,0.3713215961769021
4.357276438,830.7749999999999,0.95,840.0,-9.225000000000136,-0.0926375000000013,0.3156945,0.22305699999999867,840.0,-9.225000000000136,-0.08531594089997134,0.265848,0.18053205910002862
4.376480065,830.7749999999999,0.95,860.0,-29.225000000000136,-0.2826375000000013,0.3156945,0.03305699999999867,820.0,10.774999999999864,0.10566892114527461,0.265848,0.37151692114527457
# 4.391 Shooter Ready
4.394767567,830.7749999999999,0.95,840.0,-9.225000000000136,-0.0926375000000013,0.3156945,0.22305699999999867,840.0,-9.225000000000136,-0.08515669721285607,0.265848,0.1806913027871439
4.408390443,830.7749999999999,0.95,840.0,-9.225000000000136,-0.0926375000000013,0.3156945,0.22305699999999867,840.0,-9.225000000000136,-0.0858586544459686,0.265848,0.17998934555403137
4.423100945,830.7749999999999,0.95,840.0,-9.225000000000136,-0.0926375000000013,0.3156945,0.22305699999999867,840.0,-9.225000000000136,-0.08653784899159404,0.265848,0.17931015100840592
4.44173028,830.7749999999999,0.95,840.0,-9.225000000000136,-0.0926375000000013,0.3156945,0.22305699999999867,820.0,10.774999999999864,0.1042208951531643,0.265848,0.37006889515316427
4.460860115,830.7749999999999,0.95,820.0,10.774999999999864,0.0985711857866144,0.3156945,0.4142656857866144,800.0,30.774999999999864,0.2973624999999987,0.265848,0.5632104999999987
4.480377867,830.7749999999999,0.95,840.0,-9.225000000000136,-0.09222840077463818,0.3156945,0.22346609922536181,840.0,-9.225000000000136,-0.08343697895163422,0.265848,0.18241102104836576
4.502941494,830.7749999999999,0.95,820.0,10.774999999999864,0.09898811030185631,0.3156945,0.41468261030185627,840.0,-9.225000000000136,-0.0844785603253815,0.265848,0.1813694396746185
4.52636233,830.7749999999999,0.95,820.0,10.774999999999864,0.1000423790786037,0.3156945,0.4157368790786037,840.0,-9.225000000000136,-0.08538115748012488,0.265848,0.1804668425198751
4.547232249,830.7749999999999,0.95,840.0,-9.225000000000136,-0.09110171510765482,0.3156945,0.2245927848923452,840.0,-9.225000000000136,-0.0865252517125079,0.265848,0.17932274828749206
4.573607085,830.7749999999999,0.95,840.0,-9.225000000000136,-0.09230902558977293,0.3156945,0.22338547441022705,820.0,10.774999999999864,0.10488497592360617,0.265848,0.37073297592360616
4.588801753,830.7749999999999,0.95,820.0,10.774999999999864,0.09862398176798451,0.3156945,0.41431848176798447,840.0,-9.225000000000136,-0.08591380345014582,0.265848,0.17993419654985415
4.608201088,830.7749999999999,0.95,860.0,-29.225000000000136,-0.2826375000000013,0.3156945,0.03305699999999867,840.0,-9.225000000000136,-0.0866830935892737,0.265848,0.17916490641072627
4.622409631,830.7749999999999,0.95,840.0,-9.225000000000136,-0.0926375000000013,0.3156945,0.22305699999999867,840.0,-9.225000000000136,-0.08747507911953317,0.265848,0.1783729208804668
4.637333925,830.7749999999999,0.95,840.0,-9.225000000000136,-0.0926375000000013,0.3156945,0.22305699999999867,840.0,-9.225000000000136,-0.0882207590242847,0.265848,0.17762724097571528
4.653362468,830.7749999999999,0.95,840.0,-9.225000000000136,-0.0926375000000013,0.3156945,0.22305699999999867,820.0,10.774999999999864,0.10264021745846473,0.265848,0.3684882174584647
4.669251595,830.7749999999999,0.95,820.0,10.774999999999864,0.09815538968872806,0.3156945,0.41384988968872805,840.0,-9.225000000000136,-0.0880386003842842,0.265848,0.1778093996157158
4.685549346,830.7749999999999,0.95,840.0,-9.225000000000136,-0.09252911882591362,0.3156945,0.22316538117408635,820.0,10.774999999999864,0.10276098327320735,0.265848,0.36860898327320735
4.701152931,830.7749999999999,0.95,820.0,10.774999999999864,0.0983806796128268,0.3156945,0.4140751796128268,820.0,10.774999999999864,0.10367075024896201,0.265848,0.36951875024896197
4.715868099,830.7749999999999,0.95,840.0,-9.225000000000136,-0.09230631776067212,0.3156945,0.22338818223932788,840.0,-9.225000000000136,-0.08701622023365264,0.265848,0.17883177976634734
4.733593268,830.7749999999999,0.95,820.0,10.774999999999864,0.09861460586558615,0.3156945,0.4143091058655861,840.0,-9.225000000000136,-0.08780470796677743,0.265848,0.17804329203322256
4.747710227,830.7749999999999,0.95,840.0,-9.225000000000136,-0.09206242269616548,0.3156945,0.2236320773038345,840.0,-9.225000000000136,-0.08848174999703345,0.265848,0.17736625000296652
4.764600062,830.7749999999999,0.95,820.0,10.774999999999864,0.09882685383921061,0.3156945,0.4145213538392106,800.0,30.774999999999864,0.29405815583834466,0.265848,0.5599061558383447
4.779478856,830.7749999999999,0.95,840.0,-9.225000000000136,-0.09187335451839684,0.3156945,0.22382114548160315,820.0,10.774999999999864,0.1048759043679611,0.265848,0.3707239043679611
4.79470094,830.7749999999999,0.95,840.0,-9.225000000000136,-0.09258553609578107,0.3156945,0.22310896390421892,840.0,-9.225000000000136,-0.08583633103729522,0.265848,0.18001166896270476
4.814550609,830.7749999999999,0.95,860.0,-29.225000000000136,-0.2826375000000013,0.3156945,0.03305699999999867,840.0,-9.225000000000136,-0.08654914494228746,0.265848,0.1792988550577125
4.830540361,830.7749999999999,0.95,840.0,-9.225000000000136,-0.0926375000000013,0.3156945,0.22305699999999867,840.0,-9.225000000000136,-0.08747613258191998,0.265848,0.17837186741807998
4.844549404,830.7749999999999,0.95,840.0,-9.225000000000136,-0.0926375000000013,0.3156945,0.22305699999999867,820.0,10.774999999999864,0.10335286682558305,0.265848,0.369200866825583
4.860049739,830.7749999999999,0.95,820.0,10.774999999999864,0.09811352881374187,0.3156945,0.41380802881374185,840.0,-9.225000000000136,-0.08729017918853321,0.265848,0.17855782081146676
4.875422324,830.7749999999999,0.95,840.0,-9.225000000000136,-0.09261268440375588,0.3156945,0.22308181559624413,820.0,10.774999999999864,0.10355800645334767,0.265848,0.36940600645334765
4.892968409,830.7749999999999,0.95,820.0,10.774999999999864,0.09830003675374402,0.3156945,0.413994536753744,840.0,-9.225000000000136,-0.08722328384252383,0.265848,0.17862471615747616
4.90732541,830.7749999999999,0.95,840.0,-9.225000000000136,-0.09238681260462209,0.3156945,0.2233076873953779,840.0,-9.225000000000136,-0.08791024081053055,0.265848,0.1779377591894694
4.922183495,830.7749999999999,0.95,820.0,10.774999999999864,0.09841468808700665,0.3156945,0.41410918808700664,820.0,10.774999999999864,0.10289135421620554,0.265848,0.3687393542162055
4.942151872,830.7749999999999,0.95,840.0,-9.225000000000136,-0.09248980595837464,0.3156945,0.22320469404162535,820.0,10.774999999999864,0.10394782287083787,0.265848,0.36979582287083784
4.957023957,830.7749999999999,0.95,840.0,-9.225000000000136,-0.0926375000000013,0.3156945,0.22305699999999867,820.0,10.774999999999864,0.10476568135934242,0.265848,0.37061368135934236
4.9709315,830.7749999999999,0.95,840.0,-9.225000000000136,-0.0926375000000013,0.3156945,0.22305699999999867,840.0,-9.225000000000136,-0.08592621292090759,0.265848,0.1799217870790924
4.988130502,830.7749999999999,0.95,840.0,-9.225000000000136,-0.0926375000000013,0.3156945,0.22305699999999867,840.0,-9.225000000000136,-0.08670610410716269,0.265848,0.1791418958928373
5.004990295,830.7749999999999,0.95,840.0,-9.225000000000136,-0.0926375000000013,0.3156945,0.22305699999999867,820.0,10.774999999999864,0.10412632083444921,0.265848,0.3699743208344492
5.022446255,830.7749999999999,0.95,840.0,-9.225000000000136,-0.0926375000000013,0.3156945,0.22305699999999867,840.0,-9.225000000000136,-0.0867534867419228,0.265848,0.17909451325807718
5.038259548,830.7749999999999,0.95,840.0,-9.225000000000136,-0.0926375000000013,0.3156945,0.22305699999999867,840.0,-9.225000000000136,-0.08735902538205312,0.265848,0.17848897461794686
5.058674175,830.7749999999999,0.95,840.0,-9.225000000000136,-0.0926375000000013,0.3156945,0.22305699999999867,840.0,-9.225000000000136,-0.08832313022431164,0.265848,0.17752486977568832
5.080034969,830.7749999999999,0.95,820.0,10.774999999999864,0.0984778001546295,0.3156945,0.41417230015462947,820.0,10.774999999999864,0.10279215425268845,0.265848,0.3686401542526884
5.097268971,830.7749999999999,0.95,840.0,-9.225000000000136,-0.09238079181288011,0.3156945,0.22331370818711987,840.0,-9.225000000000136,-0.08806641082393689,0.265848,0.17778158917606307
5.112823264,830.7749999999999,0.95,820.0,10.774999999999864,0.09848101746960744,0.3156945,0.41417551746960746,820.0,10.774999999999864,0.10279541413618137,0.265848,0.36864341413618135
5.129924266,830.7749999999999,0.95,840.0,-9.225000000000136,-0.09222583671640165,0.3156945,0.22346866328359832,840.0,-9.225000000000136,-0.08791145351831113,0.265848,0.17793654648168883
5.145946976,830.7749999999999,0.95,820.0,10.774999999999864,0.09874370457185216,0.3156945,0.41443820457185215,820.0,10.774999999999864,0.10305802495169551,0.265848,0.3689060249516955
5.160136269,830.7749999999999,0.95,820.0,10.774999999999864,0.09950037452909428,0.3156945,0.41519487452909426,840.0,-9.225000000000136,-0.08758983725043643,0.265848,0.17825816274956355
5.178424646,830.7749999999999,0.95,840.0,-9.225000000000136,-0.0913451006876501,0.3156945,0.22434939931234987,820.0,10.774999999999864,0.10339768034742744,0.265848,0.36924568034742744
5.19291173,830.7749999999999,0.95,840.0,-9.225000000000136,-0.09200408860877313,0.3156945,0.22369041139122686,820.0,10.774999999999864,0.10416743972081549,0.265848,0.37001543972081546
5.212983941,830.7749999999999,0.95,860.0,-29.225000000000136,-0.2826375000000013,0.3156945,0.03305699999999867,820.0,10.774999999999864,0.10521358457855677,0.265848,0.37106158457855676
# 5.225 Shooter Ready
5.228907776,830.7749999999999,0.95,840.0,-9.225000000000136,-0.0926375000000013,0.3156945,0.22305699999999867,840.0,-9.225000000000136,-0.08555894773295332,0.265848,0.18028905226704667
5.242507319,830.7749999999999,0.95,840.0,-9.225000000000136,-0.0926375000000013,0.3156945,0.22305699999999867,840.0,-9.225000000000136,-0.08624228582570131,0.265848,0.17960571417429866
5.257464279,830.7749999999999,0.95,840.0,-9.225000000000136,-0.0926375000000013,0.3156945,0.22305699999999867,840.0,-9.225000000000136,-0.08692531451194928,0.265848,0.17892268548805068
5.272303697,830.7749999999999,0.95,840.0,-9.225000000000136,-0.0926375000000013,0.3156945,0.22305699999999867,820.0,10.774999999999864,0.10386592525491001,0.265848,0.36971392525491
5.285350823,830.7749999999999,0.95,840.0,-9.225000000000136,-0.0926375000000013,0.3156945,0.22305699999999867,840.0,-9.225000000000136,-0.08674124122872587,0.265848,0.1791067587712741
5.299890116,830.7749999999999,0.95,840.0,-9.225000000000136,-0.0926375000000013,0.3156945,0.22305699999999867,820.0,10.774999999999864,0.1040523713009025,0.265848,0.3699003713009025
5.316374826,830.7749999999999,0.95,840.0,-9.225000000000136,-0.0926375000000013,0.3156945,0.22305699999999867,840.0,-9.225000000000136,-0.08670969446396329,0.265848,0.17913830553603668
5.330144119,830.7749999999999,0.95,840.0,-9.225000000000136,-0.0926375000000013,0.3156945,0.22305699999999867,860.0,-29.225000000000136,-0.2785799790252337,0.265848,-0.012731979025233708
5.346728288,830.7749999999999,0.95,820.0,10.774999999999864,0.09824102847288661,0.3156945,0.4139355284728866,840.0,-9.225000000000136,-0.08933212985234876,0.265848,0.17651587014765122
5.360994289,830.7749999999999,0.95,840.0,-9.225000000000136,-0.0924057574946124,0.3156945,0.2232887425053876,820.0,10.774999999999864,0.10142331444866944,0.265848,0.3672713144486694
5.379200124,830.7749999999999,0.95,820.0,10.774999999999864,0.09838596935614018,0.3156945,0.4140804693561402,820.0,10.774999999999864,0.10221500989028619,0.265848,0.3680630098902862
5.404965377,830.7749999999999,0.95,840.0,-9.225000000000136,-0.0926375000000013,0.3156945,0.22305699999999867,820.0,10.774999999999864,0.10341882446104397,0.265848,0.369266824461044
