# Timestamp,ShooterReady,IsShooting,TargetTPS,Tilt,RightTPS,RightError,RightPowerPID,RightPowerFF,RightPower,LeftTPS,LeftError,LeftPowerPID,LeftPowerFF,LeftPower,RSSI,LinkSpeed
# 0.000 PIDF Config: kP=0.0095 kI=0.005 kD=0.0
# 0.001 Feedforward Config: kS=0.0 kV_Left=3.2E-4 kV_Right=3.8E-4 kA=0.01
1.771332678,0.0,0.0,720.0,0.0,460.0,260.0,2.4699999999999998,0.2736,1.0,500.0,220.0,2.09,0.23040000000000002,1.0,-127.0,-1.0
1.791761889,0.0,0.0,720.0,0.0,480.0,240.0,2.2849999999999997,0.2736,1.0,500.0,220.0,2.0949999999999998,0.23040000000000002,1.0,-127.0,-1.0
1.805399057,0.0,0.0,720.0,0.0,500.0,220.0,2.0949999999999998,0.2736,1.0,500.0,220.0,2.0949999999999998,0.23040000000000002,1.0,-127.0,-1.0
1.8207661,0.0,0.0,720.0,0.0,500.0,220.0,2.0949999999999998,0.2736,1.0,540.0,180.0,1.7149999999999999,0.23040000000000002,1.0,-127.0,-1.0
1.834325976,0.0,0.0,720.0,0.0,520.0,200.0,1.9049999999999998,0.2736,1.0,540.0,180.0,1.7149999999999999,0.23040000000000002,1.0,-127.0,-1.0
1.848639811,0.0,0.0,720.0,0.0,540.0,180.0,1.7149999999999999,0.2736,1.0,560.0,160.0,1.525,0.23040000000000002,1.0,-127.0,-1.0
1.861738271,0.0,0.0,720.0,0.0,560.0,160.0,1.525,0.2736,1.0,580.0,140.0,1.335,0.23040000000000002,1.0,-127.0,-1.0
1.877515106,0.0,0.0,720.0,0.0,600.0,120.0,1.1449999999999998,0.2736,1.0,620.0,100.0,0.955,0.23040000000000002,1.0,-127.0,-1.0
1.891958732,0.0,0.0,720.0,0.0,620.0,100.0,0.955,0.2736,1.0,640.0,80.0,0.765,0.23040000000000002,0.9954000000000001,-127.0,-1.0
1.90787965,0.0,0.0,720.0,0.0,640.0,80.0,0.765,0.2736,1.0,660.0,60.0,0.575,0.23040000000000002,0.8054,-127.0,-1.0
1.937028237,1.0,0.0,710.0,1.0,680.0,30.0,0.29,0.26980000000000004,0.5598000000000001,680.0,30.0,0.29,0.2272,0.5172,-127.0,-1.0
1.955579697,0.0,0.0,710.0,1.0,700.0,10.0,0.1,0.26980000000000004,0.3698,740.0,-30.0,-0.2828890753000098,0.2272,-0.05568907530000977,-127.0,-1.0
1.973605865,1.0,0.0,710.0,1.0,740.0,-30.0,-0.28268034399999803,0.26980000000000004,-0.01288034399999799,740.0,-30.0,-0.2855694629500067,0.2272,-0.05836946295000667,-127.0,-1.0
1.993234159,1.0,0.0,710.0,1.0,740.0,-30.0,-0.28551223810000464,0.26980000000000004,-0.015712238100004605,740.0,-30.0,-0.2884012696000002,0.2272,-0.06120126960000016,-127.0,-1.0
2.010230161,1.0,0.0,710.0,1.0,740.0,-30.0,-0.28812958209999123,0.26980000000000004,-0.018329582099991193,740.0,-30.0,-0.29,0.2272,-0.06279999999999997,-127.0,-1.0
2.026975912,1.0,0.0,710.0,1.0,740.0,-30.0,-0.29,0.26980000000000004,-0.02019999999999994,720.0,-10.0,-0.1,0.2272,0.1272,-127.0,-1.0
2.048383664,1.0,0.0,710.0,1.0,720.0,-10.0,-0.1,0.26980000000000004,0.16980000000000003,740.0,-30.0,-0.29,0.2272,-0.06279999999999997,-127.0,-1.0
2.068102083,1.0,0.0,710.0,1.0,740.0,-30.0,-0.29,0.26980000000000004,-0.02019999999999994,720.0,-10.0,-0.1,0.2272,0.1272,-127.0,-1.0
2.083257668,1.0,0.0,710.0,1.0,720.0,-10.0,-0.1,0.26980000000000004,0.16980000000000003,720.0,-10.0,-0.1,0.2272,0.1272,-127.0,-1.0
2.107428962,0.0,0.0,710.0,1.0,720.0,-10.0,-0.1,0.26980000000000004,0.16980000000000003,680.0,30.0,0.2835180253000078,0.2272,0.5107180253000079,-127.0,-1.0
2.125893797,1.0,0.0,710.0,1.0,700.0,10.0,0.09086238549999962,0.26980000000000004,0.3606623854999996,700.0,10.0,0.09437927330000889,0.2272,0.3215792733000089,-127.0,-1.0
2.152023925,1.0,0.0,710.0,1.0,700.0,10.0,0.09217806480000036,0.26980000000000004,0.3619780648000004,680.0,30.0,0.2883296800500079,0.2272,0.515529680050008,-127.0,-1.0
2.167431801,1.0,0.0,710.0,1.0,700.0,10.0,0.09294083155000067,0.26980000000000004,0.3627408315500007,720.0,-10.0,-0.0924330866499929,0.2272,0.13476691335000712,-127.0,-1.0
2.185491803,1.0,0.0,710.0,1.0,700.0,10.0,0.09384733165000171,0.26980000000000004,0.36364733165000174,680.0,30.0,0.29,0.2272,0.5172,-127.0,-1.0
2.20212643,1.0,0.0,710.0,1.0,700.0,10.0,0.09467462964999754,0.26980000000000004,0.36447462964999755,720.0,-10.0,-0.09082729799999584,0.2272,0.13637270200000418,-127.0,-1.0
2.223384849,1.0,0.0,710.0,1.0,700.0,10.0,0.09567110889999754,0.26980000000000004,0.36547110889999757,700.0,10.0,0.1,0.2272,0.32720000000000005,-127.0,-1.0
2.27279727,1.0,0.0,710.0,1.0,720.0,-10.0,-0.09656423925000582,0.26980000000000004,0.17323576074999422,740.0,-30.0,-0.28670613190000604,0.2272,-0.05950613190000603,-127.0,-1.0
2.289202647,1.0,0.0,710.0,1.0,720.0,-10.0,-0.0976929602000041,0.26980000000000004,0.17210703979999592,700.0,10.0,0.09442254529999446,0.2272,0.32162254529999446,-127.0,-1.0
2.311574066,1.0,0.0,710.0,1.0,720.0,-10.0,-0.09881275615000504,0.26980000000000004,0.170987243849995,720.0,-10.0,-0.09669729440000424,0.2272,0.13050270559999577,-127.0,-1.0
2.326286609,1.0,0.0,710.0,1.0,720.0,-10.0,-0.09954329370000323,0.26980000000000004,0.1702567062999968,720.0,-10.0,-0.09742783195000243,0.2272,0.12977216804999758,-127.0,-1.0
2.342198194,1.0,0.0,710.0,1.0,720.0,-10.0,-0.1,0.26980000000000004,0.16980000000000003,720.0,-10.0,-0.0982359674500026,0.2272,0.12896403254999741,-127.0,-1.0
2.360416571,1.0,0.0,710.0,1.0,740.0,-30.0,-0.29,0.26980000000000004,-0.02019999999999994,720.0,-10.0,-0.09898867170000131,0.2272,0.1282113282999987,-127.0,-1.0
2.390012865,1.0,0.0,710.0,1.0,700.0,10.0,0.09146027305000302,0.26980000000000004,0.3612602730500031,720.0,-10.0,-0.1,0.2272,0.1272,-127.0,-1.0
2.407679117,1.0,0.0,710.0,1.0,700.0,10.0,0.09247445650000487,0.26980000000000004,0.3622744565000049,700.0,10.0,0.09101416885000277,0.2272,0.31821416885000275,-127.0,-1.0
2.426866994,1.0,0.0,710.0,1.0,720.0,-10.0,-0.09850812484999097,0.26980000000000004,0.17129187515000907,720.0,-10.0,-0.09996839789999398,0.2272,0.12723160210000603,-127.0,-1.0
2.446590663,1.0,0.0,710.0,1.0,700.0,10.0,0.09231097730001012,0.26980000000000004,0.3621109773000102,720.0,-10.0,-0.1,0.2272,0.1272,-127.0,-1.0
2.460332247,1.0,0.0,710.0,1.0,700.0,10.0,0.09328442950001317,0.26980000000000004,0.3630844295000132,720.0,-10.0,-0.1,0.2272,0.1272,-127.0,-1.0
2.480200291,1.0,0.0,710.0,1.0,720.0,-10.0,-0.09753527054998586,0.26980000000000004,0.1722647294500142,700.0,10.0,0.09081967090000034,0.2272,0.3180196709000004,-127.0,-1.0
2.497074959,1.0,0.0,710.0,1.0,720.0,-10.0,-0.09842587484998262,0.26980000000000004,0.17137412515001743,720.0,-10.0,-0.1,0.2272,0.1272,-127.0,-1.0
2.510967919,1.0,0.0,710.0,1.0,720.0,-10.0,-0.09923921654998366,0.26980000000000004,0.17056078345001638,720.0,-10.0,-0.1,0.2272,0.1272,-127.0,-1.0
2.525508379,1.0,0.0,710.0,1.0,700.0,10.0,0.09149893355001609,0.26980000000000004,0.36129893355001613,720.0,-10.0,-0.1,0.2272,0.1272,-127.0,-1.0
2.543711881,1.0,0.0,710.0,1.0,700.0,10.0,0.09229947115001892,0.26980000000000004,0.36209947115001895,700.0,10.0,0.09080052300000375,0.2272,0.31800052300000375,-127.0,-1.0
2.563933425,1.0,0.0,710.0,1.0,720.0,-10.0,-0.0987122039499809,0.26980000000000004,0.17108779605001914,700.0,10.0,0.09181221270000264,0.2272,0.3190122127000027,-127.0,-1.0
2.586444552,1.0,0.0,710.0,1.0,720.0,-10.0,-0.09983396864997758,0.26980000000000004,0.16996603135002247,720.0,-10.0,-0.0993094936499972,0.2272,0.12789050635000282,-127.0,-1.0
2.602671428,1.0,0.0,710.0,1.0,720.0,-10.0,-0.1,0.26980000000000004,0.16980000000000003,720.0,-10.0,-0.1,0.2272,0.1272,-127.0,-1.0
2.617326222,1.0,0.0,710.0,1.0,720.0,-10.0,-0.1,0.26980000000000004,0.16980000000000003,700.0,10.0,0.09078757300000234,0.2272,0.31798757300000235,-127.0,-1.0
2.633075932,1.0,0.0,710.0,1.0,720.0,-10.0,-0.1,0.26980000000000004,0.16980000000000003,720.0,-10.0,-0.0999795249999977,0.2272,0.12722047500000233,-127.0,-1.0
2.648432766,1.0,0.0,710.0,1.0,700.0,10.0,0.09074277299999609,0.26980000000000004,0.36054277299999615,720.0,-10.0,-0.1,0.2272,0.1272,-127.0,-1.0
2.665813476,1.0,0.0,710.0,1.0,720.0,-10.0,-0.1,0.26980000000000004,0.16980000000000003,700.0,10.0,0.09085579385000188,0.2272,0.3180557938500019,-127.0,-1.0
2.682169853,1.0,0.0,710.0,1.0,720.0,-10.0,-0.1,0.26980000000000004,0.16980000000000003,720.0,-10.0,-0.1,0.2272,0.1272,-127.0,-1.0
2.697475063,1.0,0.0,710.0,1.0,720.0,-10.0,-0.1,0.26980000000000004,0.16980000000000003,700.0,10.0,0.09076928545000215,0.2272,0.31796928545000214,-127.0,-1.0
2.716471606,0.0,0.0,710.0,1.0,700.0,10.0,0.09088095009999733,0.26980000000000004,0.36068095009999734,740.0,-30.0,-0.29,0.2272,-0.06279999999999997,-127.0,-1.0
2.732392816,1.0,0.0,710.0,1.0,720.0,-10.0,-0.09994917705000148,0.26980000000000004,0.16985082294999856,720.0,-10.0,-0.1,0.2272,0.1272,-127.0,-1.0
2.788703739,1.0,0.0,710.0,1.0,700.0,10.0,0.09238644610000166,0.26980000000000004,0.3621864461000017,700.0,10.0,0.09233560859999784,0.2272,0.31953560859999786,-127.0,-1.0
2.814625616,1.0,0.0,710.0,1.0,720.0,-10.0,-0.09935025405000034,0.26980000000000004,0.1704497459499997,720.0,-10.0,-0.09940112070000282,0.2272,0.1277988792999972,-127.0,-1.0
2.838068327,1.0,0.0,710.0,1.0,740.0,-30.0,-0.29,0.26980000000000004,-0.02019999999999994,720.0,-10.0,-0.1,0.2272,0.1272,-127.0,-1.0
2.854135662,1.0,0.0,710.0,1.0,720.0,-10.0,-0.1,0.26980000000000004,0.16980000000000003,700.0,10.0,0.0907829792500047,0.2272,0.31798297925000474,-127.0,-1.0
2.869691705,1.0,0.0,710.0,1.0,720.0,-10.0,-0.1,0.26980000000000004,0.16980000000000003,700.0,10.0,0.09160193555000205,0.2272,0.3188019355500021,-127.0,-1.0
2.887306332,1.0,0.0,710.0,1.0,720.0,-10.0,-0.1,0.26980000000000004,0.16980000000000003,700.0,10.0,0.09249921900000345,0.2272,0.3196992190000035,-127.0,-1.0
2.906988584,1.0,0.0,710.0,1.0,700.0,10.0,0.09091749590000063,0.26980000000000004,0.3607174959000007,700.0,10.0,0.09341672950000315,0.2272,0.3206167295000032,-127.0,-1.0
2.922197252,1.0,0.0,710.0,1.0,700.0,10.0,0.0916997022499993,0.26980000000000004,0.36149970224999933,700.0,10.0,0.09419892125000275,0.2272,0.32139892125000274,-127.0,-1.0
2.940785171,1.0,0.0,710.0,1.0,720.0,-10.0,-0.09922530410000263,0.26980000000000004,0.1705746958999974,700.0,10.0,0.09512391299999991,0.2272,0.3223239129999999,-127.0,-1.0
2.956862714,1.0,0.0,710.0,1.0,720.0,-10.0,-0.1,0.26980000000000004,0.16980000000000003,720.0,-10.0,-0.095659620400005,0.2272,0.131540379599995,-127.0,-1.0
2.975791008,1.0,0.0,710.0,1.0,700.0,10.0,0.09096397300000035,0.26980000000000004,0.3607639730000004,720.0,-10.0,-0.09662359345000482,0.2272,0.1305764065499952,-127.0,-1.0
2.994422968,1.0,0.0,710.0,1.0,700.0,10.0,0.09188033144999622,0.26980000000000004,0.36168033144999623,700.0,10.0,0.09429276494999159,0.2272,0.32149276494999157,-127.0,-1.0
3.022695971,1.0,0.0,710.0,1.0,720.0,-10.0,-0.09954985615000851,0.26980000000000004,0.17025014384999154,720.0,-10.0,-0.0971374373000117,0.2272,0.1300625626999883,-127.0,-1.0
3.039648514,1.0,0.0,710.0,1.0,720.0,-10.0,-0.1,0.26980000000000004,0.16980000000000003,720.0,-10.0,-0.09796028735000846,0.2272,0.12923971264999157,-127.0,-1.0
3.054754515,1.0,0.0,710.0,1.0,720.0,-10.0,-0.1,0.26980000000000004,0.16980000000000003,720.0,-10.0,-0.09879112910001027,0.2272,0.12840887089998976,-127.0,-1.0
3.070698475,1.0,0.0,710.0,1.0,720.0,-10.0,-0.1,0.26980000000000004,0.16980000000000003,700.0,10.0,0.09200755639999102,0.2272,0.31920755639999104,-127.0,-1.0
3.085341894,1.0,0.0,710.0,1.0,720.0,-10.0,-0.1,0.26980000000000004,0.16980000000000003,700.0,10.0,0.09274954189998766,0.2272,0.3199495418999877,-127.0,-1.0
3.100999145,1.0,0.0,710.0,1.0,720.0,-10.0,-0.1,0.26980000000000004,0.16980000000000003,720.0,-10.0,-0.09803359775001468,0.2272,0.12916640224998532,-127.0,-1.0
3.116600105,1.0,0.0,710.0,1.0,720.0,-10.0,-0.1,0.26980000000000004,0.16980000000000003,720.0,-10.0,-0.09880458950001411,0.2272,0.1283954104999859,-127.0,-1.0
3.133574815,1.0,0.0,710.0,1.0,720.0,-10.0,-0.1,0.26980000000000004,0.16980000000000003,720.0,-10.0,-0.09965554170001382,0.2272,0.12754445829998617,-127.0,-1.0
3.149401525,1.0,0.0,710.0,1.0,720.0,-10.0,-0.1,0.26980000000000004,0.16980000000000003,720.0,-10.0,-0.1,0.2272,0.1272,-127.0,-1.0
3.165971985,1.0,0.0,710.0,1.0,700.0,10.0,0.09075162505000321,0.26980000000000004,0.36055162505000327,700.0,10.0,0.0907516105000036,0.2272,0.31795161050000365,-127.0,-1.0
3.182147237,1.0,0.0,710.0,1.0,700.0,10.0,0.09157761055000378,0.26980000000000004,0.36137761055000384,700.0,10.0,0.09157759600000417,0.2272,0.3187775960000042,-127.0,-1.0
3.210265656,1.0,0.0,710.0,1.0,720.0,-10.0,-0.09978937294999354,0.26980000000000004,0.1700106270500065,720.0,-10.0,-0.09978940204999276,0.2272,0.12741059795000725,-127.0,-1.0
3.230932283,1.0,0.0,710.0,1.0,720.0,-10.0,-0.1,0.26980000000000004,0.16980000000000003,720.0,-10.0,-0.1,0.2272,0.1272,-127.0,-1.0
3.252257202,1.0,0.0,710.0,1.0,720.0,-10.0,-0.1,0.26980000000000004,0.16980000000000003,720.0,-10.0,-0.1,0.2272,0.1272,-127.0,-1.0
3.296419623,1.0,0.0,710.0,1.0,720.0,-10.0,-0.1,0.26980000000000004,0.16980000000000003,720.0,-10.0,-0.1,0.2272,0.1272,-127.0,-1.0
3.315062083,1.0,0.0,710.0,1.0,720.0,-10.0,-0.1,0.26980000000000004,0.16980000000000003,700.0,10.0,0.0908772896499977,0.2272,0.3180772896499977,-127.0,-1.0
3.329673418,1.0,0.0,710.0,1.0,720.0,-10.0,-0.1,0.26980000000000004,0.16980000000000003,700.0,10.0,0.09171950639999636,0.2272,0.3189195063999964,-127.0,-1.0
3.353604379,1.0,0.0,710.0,1.0,700.0,10.0,0.09107625010000447,0.26980000000000004,0.3608762501000045,720.0,-10.0,-0.09935674370000243,0.2272,0.1278432562999976,-127.0,-1.0
3.372736256,1.0,0.0,710.0,1.0,700.0,10.0,0.0920501397500027,0.26980000000000004,0.36185013975000274,720.0,-10.0,-0.1,0.2272,0.1272,-127.0,-1.0
3.391600674,1.0,0.0,710.0,1.0,720.0,-10.0,-0.09894152704999896,0.26980000000000004,0.17085847295000106,700.0,10.0,0.09099168135000127,0.2272,0.3181916813500013,-127.0,-1.0
3.409235426,1.0,0.0,710.0,1.0,700.0,10.0,0.09193026469999609,0.26980000000000004,0.36173026469999614,720.0,-10.0,-0.09988009584999417,0.2272,0.12731990415000582,-127.0,-1.0
3.427216386,1.0,0.0,710.0,1.0,720.0,-10.0,-0.09891078540000535,0.26980000000000004,0.17088921459999468,720.0,-10.0,-0.1,0.2272,0.1272,-127.0,-1.0
3.447086763,1.0,0.0,710.0,1.0,720.0,-10.0,-0.1,0.26980000000000004,0.16980000000000003,720.0,-10.0,-0.1,0.2272,0.1272,-127.0,-1.0
3.464058557,1.0,0.0,710.0,1.0,720.0,-10.0,-0.1,0.26980000000000004,0.16980000000000003,720.0,-10.0,-0.1,0.2272,0.1272,-127.0,-1.0
3.479410433,1.0,0.0,710.0,1.0,720.0,-10.0,-0.1,0.26980000000000004,0.16980000000000003,720.0,-10.0,-0.1,0.2272,0.1272,-127.0,-1.0
3.495436643,1.0,0.0,710.0,1.0,720.0,-10.0,-0.1,0.26980000000000004,0.16980000000000003,720.0,-10.0,-0.1,0.2272,0.1272,-127.0,-1.0
3.512240728,1.0,0.0,710.0,1.0,720.0,-10.0,-0.1,0.26980000000000004,0.16980000000000003,700.0,10.0,0.09071633340000404,0.2272,0.317916333400004,-127.0,-1.0
3.53223798,1.0,0.0,710.0,1.0,700.0,10.0,0.0909402896499978,0.26980000000000004,0.3607402896499978,700.0,10.0,0.0916566376500009,0.2272,0.31885663765000094,-127.0,-1.0
3.549431732,1.0,0.0,710.0,1.0,720.0,-10.0,-0.09994017920000146,0.26980000000000004,0.16985982079999856,720.0,-10.0,-0.09922380204999967,0.2272,0.12797619795000034,-127.0,-1.0
3.5661839,1.0,0.0,710.0,1.0,720.0,-10.0,-0.1,0.26980000000000004,0.16980000000000003,720.0,-10.0,-0.1,0.2272,0.1272,-127.0,-1.0
3.585189485,1.0,0.0,710.0,1.0,720.0,-10.0,-0.1,0.26980000000000004,0.16980000000000003,700.0,10.0,0.09098552719999817,0.2272,0.31818552719999815,-127.0,-1.0
3.601485195,1.0,0.0,710.0,1.0,720.0,-10.0,-0.1,0.26980000000000004,0.16980000000000003,700.0,10.0,0.0918007501999989,0.2272,0.3190007501999989,-127.0,-1.0
3.619071239,1.0,0.0,710.0,1.0,720.0,-10.0,-0.1,0.26980000000000004,0.16980000000000003,720.0,-10.0,-0.09907395820000034,0.2272,0.12812604179999967,-127.0,-1.0
3.640944199,1.0,0.0,710.0,1.0,720.0,-10.0,-0.1,0.26980000000000004,0.16980000000000003,720.0,-10.0,-0.1,0.2272,0.1272,-127.0,-1.0
3.655200284,1.0,0.0,710.0,1.0,700.0,10.0,0.09076973760000101,0.26980000000000004,0.36056973760000105,720.0,-10.0,-0.1,0.2272,0.1272,-127.0,-1.0
3.676052703,1.0,0.0,710.0,1.0,700.0,10.0,0.09170603144999859,0.26980000000000004,0.3615060314499986,700.0,10.0,0.0909362792499985,0.2272,0.31813627924999854,-127.0,-1.0
3.694678538,1.0,0.0,710.0,1.0,720.0,-10.0,-0.09923755405000634,0.26980000000000004,0.1705624459499937,720.0,-10.0,-0.1,0.2272,0.1272,-127.0,-1.0
3.71246204,1.0,0.0,710.0,1.0,720.0,-10.0,-0.1,0.26980000000000004,0.16980000000000003,740.0,-30.0,-0.29,0.2272,-0.06279999999999997,-127.0,-1.0
3.727592541,1.0,0.0,710.0,1.0,700.0,10.0,0.09077837095000177,0.26980000000000004,0.3605783709500018,720.0,-10.0,-0.1,0.2272,0.1272,-127.0,-1.0
3.746435085,1.0,0.0,710.0,1.0,720.0,-10.0,-0.1,0.26980000000000004,0.16980000000000003,720.0,-10.0,-0.1,0.2272,0.1272,-127.0,-1.0
3.761472837,1.0,0.0,710.0,1.0,720.0,-10.0,-0.1,0.26980000000000004,0.16980000000000003,700.0,10.0,0.09077453545000026,0.2272,0.31797453545000026,-127.0,-1.0
3.811579133,1.0,0.0,710.0,1.0,720.0,-10.0,-0.1,0.26980000000000004,0.16980000000000003,700.0,10.0,0.09306516905000081,0.2272,0.3202651690500008,-127.0,-1.0
3.83296151,1.0,0.0,710.0,1.0,720.0,-10.0,-0.1,0.26980000000000004,0.16980000000000003,700.0,10.0,0.09416943375000188,0.2272,0.3213694337500019,-127.0,-1.0
3.855092596,1.0,0.0,710.0,1.0,720.0,-10.0,-0.1,0.26980000000000004,0.16980000000000003,720.0,-10.0,-0.09710485800000015,0.2272,0.13009514199999986,-127.0,-1.0
3.87484514,1.0,0.0,710.0,1.0,720.0,-10.0,-0.1,0.26980000000000004,0.16980000000000003,700.0,10.0,0.09387883170000123,0.2272,0.32107883170000123,-127.0,-1.0
3.8909956,1.0,0.0,710.0,1.0,720.0,-10.0,-0.1,0.26980000000000004,0.16980000000000003,700.0,10.0,0.09468632554999999,0.2272,0.32188632555,-127.0,-1.0
3.910014893,1.0,0.0,710.0,1.0,700.0,10.0,0.09081583549999778,0.26980000000000004,0.3606158354999978,700.0,10.0,0.09550214644999869,0.2272,0.32270214644999873,-127.0,-1.0
3.927361186,1.0,0.0,710.0,1.0,700.0,10.0,0.09173601480000229,0.26980000000000004,0.3615360148000023,720.0,-10.0,-0.09541804739999975,0.2272,0.13178195260000025,-127.0,-1.0
3.944927397,1.0,0.0,710.0,1.0,700.0,10.0,0.09264111485000172,0.26980000000000004,0.36244111485000174,700.0,10.0,0.09548703810000006,0.2272,0.3226870381000001,-127.0,-1.0
3.96461869,1.0,0.0,710.0,1.0,720.0,-10.0,-0.09834155399999531,0.26980000000000004,0.17145844600000473,720.0,-10.0,-0.0954956745000004,0.2272,0.1317043254999996,-127.0,-1.0
3.984946692,1.0,0.0,710.0,1.0,720.0,-10.0,-0.09936501244999363,0.26980000000000004,0.1704349875500064,700.0,10.0,0.09552778394999792,0.2272,0.3227277839499979,-127.0,-1.0
4.004828153,1.0,0.0,710.0,1.0,720.0,-10.0,-0.1,0.26980000000000004,0.16980000000000003,720.0,-10.0,-0.09532612860000426,0.2272,0.13187387139999573,-127.0,-1.0
4.024321113,1.0,0.0,710.0,1.0,720.0,-10.0,-0.1,0.26980000000000004,0.16980000000000003,720.0,-10.0,-0.0964230870500046,0.2272,0.1307769129499954,-127.0,-1.0
4.043730365,1.0,0.0,710.0,1.0,720.0,-10.0,-0.1,0.26980000000000004,0.16980000000000003,720.0,-10.0,-0.09744434340000226,0.2272,0.12975565659999777,-127.0,-1.0
4.065716492,1.0,0.0,710.0,1.0,720.0,-10.0,-0.1,0.26980000000000004,0.16980000000000003,700.0,10.0,0.09363702550000085,0.2272,0.32083702550000087,-127.0,-1.0
4.093896162,1.0,0.0,710.0,1.0,720.0,-10.0,-0.1,0.26980000000000004,0.16980000000000003,720.0,-10.0,-0.0977620413000011,0.2272,0.1294379586999989,-127.0,-1.0
4.120128664,1.0,0.0,710.0,1.0,700.0,10.0,0.09119514804999881,0.26980000000000004,0.3609951480499989,720.0,-10.0,-0.09895692679999683,0.2272,0.12824307320000317,-127.0,-1.0
4.138691499,1.0,0.0,710.0,1.0,720.0,-10.0,-0.0998539770499974,0.26980000000000004,0.16994602295000263,700.0,10.0,0.09209246080000298,0.2272,0.319292460800003,-127.0,-1.0
4.154478543,1.0,0.0,710.0,1.0,720.0,-10.0,-0.1,0.26980000000000004,0.16980000000000003,720.0,-10.0,-0.09867274139999722,0.2272,0.1285272586000028,-127.0,-1.0
4.171170919,1.0,0.0,710.0,1.0,720.0,-10.0,-0.1,0.26980000000000004,0.16980000000000003,720.0,-10.0,-0.0995749539999963,0.2272,0.1276250460000037,-127.0,-1.0
4.188946546,1.0,0.0,710.0,1.0,700.0,10.0,0.09085262924999939,0.26980000000000004,0.3606526292499994,720.0,-10.0,-0.1,0.2272,0.1272,-127.0,-1.0
4.207116506,1.0,0.0,710.0,1.0,700.0,10.0,0.09170365435000122,0.26980000000000004,0.36150365435000126,720.0,-10.0,-0.1,0.2272,0.1272,-127.0,-1.0
4.223726633,1.0,0.0,710.0,1.0,700.0,10.0,0.09266455029999975,0.26980000000000004,0.3624645502999998,720.0,-10.0,-0.1,0.2272,0.1272,-127.0,-1.0
4.237948884,1.0,0.0,710.0,1.0,720.0,-10.0,-0.09804500185000506,0.26980000000000004,0.17175499814999498,720.0,-10.0,-0.1,0.2272,0.1272,-127.0,-1.0
4.260843553,1.0,0.0,710.0,1.0,720.0,-10.0,-0.0990554227500013,0.26980000000000004,0.17074457724999875,700.0,10.0,0.09101039180000271,0.2272,0.3182103918000027,-127.0,-1.0
4.283179681,1.0,0.0,710.0,1.0,720.0,-10.0,-0.1,0.26980000000000004,0.16980000000000003,720.0,-10.0,-0.1,0.2272,0.1272,-127.0,-1.0
4.335443436,1.0,0.0,710.0,1.0,720.0,-10.0,-0.1,0.26980000000000004,0.16980000000000003,700.0,10.0,0.0923348356500037,0.2272,0.31953483565000373,-127.0,-1.0
4.356866063,1.0,0.0,710.0,1.0,720.0,-10.0,-0.1,0.26980000000000004,0.16980000000000003,720.0,-10.0,-0.09909670824999353,0.2272,0.12810329175000648,-127.0,-1.0
4.371203523,1.0,0.0,710.0,1.0,720.0,-10.0,-0.1,0.26980000000000004,0.16980000000000003,720.0,-10.0,-0.09981932704999394,0.2272,0.12738067295000607,-127.0,-1.0
4.387795566,1.0,0.0,710.0,1.0,720.0,-10.0,-0.1,0.26980000000000004,0.16980000000000003,720.0,-10.0,-0.1,0.2272,0.1272,-127.0,-1.0
4.401930318,1.0,0.0,710.0,1.0,720.0,-10.0,-0.1,0.26980000000000004,0.16980000000000003,700.0,10.0,0.09073536465000075,0.2272,0.3179353646500008,-127.0,-1.0
4.418987569,1.0,0.0,710.0,1.0,720.0,-10.0,-0.1,0.26980000000000004,0.16980000000000003,700.0,10.0,0.09159042930000055,0.2272,0.31879042930000057,-127.0,-1.0
4.437170363,1.0,0.0,710.0,1.0,720.0,-10.0,-0.1,0.26980000000000004,0.16980000000000003,720.0,-10.0,-0.09923740829999587,0.2272,0.12796259170000412,-127.0,-1.0
4.455954573,1.0,0.0,710.0,1.0,700.0,10.0,0.09082404590000351,0.26980000000000004,0.3606240459000035,720.0,-10.0,-0.1,0.2272,0.1272,-127.0,-1.0
4.468991491,1.0,0.0,710.0,1.0,700.0,10.0,0.09169605645000388,0.26980000000000004,0.36149605645000393,720.0,-10.0,-0.1,0.2272,0.1272,-127.0,-1.0
4.486010826,1.0,0.0,710.0,1.0,700.0,10.0,0.09245382110000491,0.26980000000000004,0.3622538211000049,700.0,10.0,0.09075776465000104,0.2272,0.31795776465000103,-127.0,-1.0
4.504887495,1.0,0.0,710.0,1.0,700.0,10.0,0.09337436495000248,0.26980000000000004,0.36317436495000255,720.0,-10.0,-0.1,0.2272,0.1272,-127.0,-1.0
4.530864205,1.0,0.0,710.0,1.0,720.0,-10.0,-0.09794675389999838,0.26980000000000004,0.17185324610000166,700.0,10.0,0.09132107515000257,0.2272,0.3185210751500026,-127.0,-1.0
4.548837291,1.0,0.0,710.0,1.0,720.0,-10.0,-0.09883264774999816,0.26980000000000004,0.17096735225000187,720.0,-10.0,-0.09956486239999549,0.2272,0.12763513760000453,-127.0,-1.0
4.567677501,1.0,0.0,710.0,1.0,720.0,-10.0,-0.09976274369999487,0.26980000000000004,0.17003725630000516,720.0,-10.0,-0.1,0.2272,0.1272,-127.0,-1.0
4.584393794,1.0,0.0,710.0,1.0,720.0,-10.0,-0.1,0.26980000000000004,0.16980000000000003,700.0,10.0,0.09084379175000322,0.2272,0.31804379175000325,-127.0,-1.0
4.600570212,1.0,0.0,710.0,1.0,740.0,-30.0,-0.29,0.26980000000000004,-0.02019999999999994,720.0,-10.0,-0.09997338544999365,0.2272,0.12722661455000636,-127.0,-1.0
4.618528131,1.0,0.0,710.0,1.0,720.0,-10.0,-0.1,0.26980000000000004,0.16980000000000003,700.0,10.0,0.0909361917000092,0.2272,0.31813619170000923,-127.0,-1.0
4.633776758,1.0,0.0,710.0,1.0,720.0,-10.0,-0.1,0.26980000000000004,0.16980000000000003,720.0,-10.0,-0.09987669794999192,0.2272,0.12732330205000808,-127.0,-1.0
4.650050301,1.0,0.0,710.0,1.0,700.0,10.0,0.09075349174999815,0.26980000000000004,0.3605534917499982,700.0,10.0,0.09087679380000623,0.2272,0.31807679380000625,-127.0,-1.0
4.666962886,1.0,0.0,710.0,1.0,700.0,10.0,0.0916010751500005,0.26980000000000004,0.36140107515000053,700.0,10.0,0.09172437725000805,0.2272,0.31892437725000805,-127.0,-1.0
4.684367221,1.0,0.0,710.0,1.0,700.0,10.0,0.09247445649999918,0.26980000000000004,0.36227445649999923,720.0,-10.0,-0.09914898949999155,0.2272,0.12805101050000844,-127.0,-1.0
4.702428681,1.0,0.0,710.0,1.0,720.0,-10.0,-0.0983962123500021,0.26980000000000004,0.17140378764999795,720.0,-10.0,-0.1,0.2272,0.1272,-127.0,-1.0
4.723751267,1.0,0.0,710.0,1.0,720.0,-10.0,-0.09947895204999782,0.26980000000000004,0.17032104795000222,700.0,10.0,0.09108273969999572,0.2272,0.31828273969999576,-127.0,-1.0
4.74218956,1.0,0.0,710.0,1.0,720.0,-10.0,-0.1,0.26980000000000004,0.16980000000000003,720.0,-10.0,-0.09984509580000349,0.2272,0.1273549041999965,-127.0,-1.0
4.762258562,1.0,0.0,710.0,1.0,700.0,10.0,0.09094093135000435,0.26980000000000004,0.3607409313500044,720.0,-10.0,-0.1,0.2272,0.1272,-127.0,-1.0
4.780520106,1.0,0.0,710.0,1.0,720.0,-10.0,-0.1,0.26980000000000004,0.16980000000000003,720.0,-10.0,-0.1,0.2272,0.1272,-127.0,-1.0
4.797539441,1.0,0.0,710.0,1.0,720.0,-10.0,-0.1,0.26980000000000004,0.16980000000000003,720.0,-10.0,-0.1,0.2272,0.1272,-127.0,-1.0
4.843203362,1.0,0.0,710.0,1.0,720.0,-10.0,-0.1,0.26980000000000004,0.16980000000000003,720.0,-10.0,-0.1,0.2272,0.1272,-127.0,-1.0
4.870149865,1.0,0.0,710.0,1.0,720.0,-10.0,-0.1,0.26980000000000004,0.16980000000000003,700.0,10.0,0.09121441260000097,0.2272,0.318414412600001,-127.0,-1.0
4.887742908,1.0,0.0,710.0,1.0,720.0,-10.0,-0.1,0.26980000000000004,0.16980000000000003,720.0,-10.0,-0.09984161044999382,0.2272,0.1273583895500062,-127.0,-1.0
4.910300994,1.0,0.0,710.0,1.0,700.0,10.0,0.09089906260000134,0.26980000000000004,0.3606990626000014,720.0,-10.0,-0.1,0.2272,0.1272,-127.0,-1.0
4.925946578,1.0,0.0,710.0,1.0,720.0,-10.0,-0.1,0.26980000000000004,0.16980000000000003,720.0,-10.0,-0.1,0.2272,0.1272,-127.0,-1.0
4.946327664,1.0,0.0,710.0,1.0,720.0,-10.0,-0.1,0.26980000000000004,0.16980000000000003,700.0,10.0,0.09089680214999817,0.2272,0.3180968021499982,-127.0,-1.0
4.970457541,1.0,0.0,710.0,1.0,720.0,-10.0,-0.1,0.26980000000000004,0.16980000000000003,720.0,-10.0,-0.1,0.2272,0.1272,-127.0,-1.0
4.986726126,1.0,0.0,710.0,1.0,700.0,10.0,0.09084651884999971,0.26980000000000004,0.36064651884999976,720.0,-10.0,-0.1,0.2272,0.1272,-127.0,-1.0
5.000400628,1.0,0.0,710.0,1.0,700.0,10.0,0.09158701685000438,0.26980000000000004,0.3613870168500044,720.0,-10.0,-0.1,0.2272,0.1272,-127.0,-1.0
5.017791838,1.0,0.0,710.0,1.0,700.0,10.0,0.09234291485000426,0.26980000000000004,0.36214291485000427,700.0,10.0,0.09075589799999989,0.2272,0.3179558979999999,-127.0,-1.0
5.037569756,1.0,0.0,710.0,1.0,720.0,-10.0,-0.09862264774999403,0.26980000000000004,0.17117735225000602,700.0,10.0,0.09172146059999818,0.2272,0.3189214605999982,-127.0,-1.0
5.055046717,1.0,0.0,710.0,1.0,720.0,-10.0,-0.09949562074999108,0.26980000000000004,0.17030437925000896,720.0,-10.0,-0.09915151239999886,0.2272,0.12804848760000115,-127.0,-1.0
5.071355843,1.0,0.0,710.0,1.0,720.0,-10.0,-0.1,0.26980000000000004,0.16980000000000003,720.0,-10.0,-0.1,0.2272,0.1272,-127.0,-1.0
5.086659886,1.0,0.0,710.0,1.0,700.0,10.0,0.09085779175000198,0.26980000000000004,0.360657791750002,720.0,-10.0,-0.1,0.2272,0.1272,-127.0,-1.0
5.103811055,1.0,0.0,710.0,1.0,720.0,-10.0,-0.09983310829999822,0.26980000000000004,0.16996689170000182,700.0,10.0,0.09069088550000061,0.2272,0.3178908855000006,-127.0,-1.0
5.125901307,1.0,0.0,710.0,1.0,720.0,-10.0,-0.1,0.26980000000000004,0.16980000000000003,720.0,-10.0,-0.1,0.2272,0.1272,-127.0,-1.0
5.138932392,1.0,0.0,710.0,1.0,720.0,-10.0,-0.1,0.26980000000000004,0.16980000000000003,720.0,-10.0,-0.1,0.2272,0.1272,-127.0,-1.0
5.161869644,1.0,0.0,710.0,1.0,720.0,-10.0,-0.1,0.26980000000000004,0.16980000000000003,720.0,-10.0,-0.1,0.2272,0.1272,-127.0,-1.0
5.177199354,1.0,0.0,710.0,1.0,720.0,-10.0,-0.1,0.26980000000000004,0.16980000000000003,700.0,10.0,0.09063584800000171,0.2272,0.31783584800000175,-127.0,-1.0
5.196784481,1.0,0.0,710.0,1.0,720.0,-10.0,-0.1,0.26980000000000004,0.16980000000000003,700.0,10.0,0.091622191849998,0.2272,0.318822191849998,-127.0,-1.0
5.213581566,1.0,0.0,710.0,1.0,700.0,10.0,0.0908026667500019,0.26980000000000004,0.36060266675000197,720.0,-10.0,-0.09918044575000522,0.2272,0.12801955424999478,-127.0,-1.0
5.233553151,1.0,0.0,710.0,1.0,700.0,10.0,0.09179633140000419,0.26980000000000004,0.36159633140000425,720.0,-10.0,-0.1,0.2272,0.1272,-127.0,-1.0
5.248677528,1.0,0.0,710.0,1.0,720.0,-10.0,-0.09898887909999417,0.26980000000000004,0.17081112090000589,720.0,-10.0,-0.1,0.2272,0.1272,-127.0,-1.0
5.269713988,1.0,0.0,710.0,1.0,720.0,-10.0,-0.1,0.26980000000000004,0.16980000000000003,700.0,10.0,0.09101992924999763,0.2272,0.31821992924999765,-127.0,-1.0
5.285783656,1.0,0.0,710.0,1.0,720.0,-10.0,-0.1,0.26980000000000004,0.16980000000000003,700.0,10.0,0.0918623209999987,0.2272,0.3190623209999987,-127.0,-1.0
5.307111783,1.0,0.0,710.0,1.0,720.0,-10.0,-0.1,0.26980000000000004,0.16980000000000003,720.0,-10.0,-0.09921496455000352,0.2272,0.1279850354499965,-127.0,-1.0
5.355004913,1.0,0.0,710.0,1.0,720.0,-10.0,-0.1,0.26980000000000004,0.16980000000000003,700.0,10.0,0.09304812109999375,0.2272,0.3202481210999938,-127.0,-1.0
5.379287041,1.0,0.0,710.0,1.0,700.0,10.0,0.09121295425000199,0.26980000000000004,0.361012954250002,720.0,-10.0,-0.09816481860000863,0.2272,0.12903518139999137,-127.0,-1.0
5.400927251,1.0,0.0,710.0,1.0,700.0,10.0,0.09239620230000242,0.26980000000000004,0.3621962023000025,720.0,-10.0,-0.09934808120000867,0.2272,0.12785191879999136,-127.0,-1.0
5.419657211,1.0,0.0,710.0,1.0,720.0,-10.0,-0.09854064569999536,0.26980000000000004,0.17125935430000466,720.0,-10.0,-0.1,0.2272,0.1272,-127.0,-1.0
5.436220671,1.0,0.0,710.0,1.0,720.0,-10.0,-0.09945226454999556,0.26980000000000004,0.17034773545000448,720.0,-10.0,-0.1,0.2272,0.1272,-127.0,-1.0
5.45227634,1.0,0.0,710.0,1.0,720.0,-10.0,-0.1,0.26980000000000004,0.16980000000000003,700.0,10.0,0.09071190009999783,0.2272,0.3179119000999978,-127.0,-1.0
5.468519841,1.0,0.0,710.0,1.0,700.0,10.0,0.0908158063499991,0.26980000000000004,0.3606158063499991,720.0,-10.0,-0.1,0.2272,0.1272,-127.0,-1.0
5.485705135,1.0,0.0,710.0,1.0,720.0,-10.0,-0.1,0.26980000000000004,0.16980000000000003,700.0,10.0,0.09084564384999907,0.2272,0.3180456438499991,-127.0,-1.0
5.500595303,1.0,0.0,710.0,1.0,720.0,-10.0,-0.1,0.26980000000000004,0.16980000000000003,720.0,-10.0,-0.09997067290000246,0.2272,0.12722932709999757,-127.0,-1.0
5.516924846,1.0,0.0,710.0,1.0,720.0,-10.0,-0.1,0.26980000000000004,0.16980000000000003,700.0,10.0,0.09080947719999927,0.2272,0.3180094771999993,-127.0,-1.0
5.535041723,1.0,0.0,710.0,1.0,720.0,-10.0,-0.1,0.26980000000000004,0.16980000000000003,720.0,-10.0,-0.1,0.2272,0.1272,-127.0,-1.0
5.547905974,1.0,0.0,710.0,1.0,720.0,-10.0,-0.1,0.26980000000000004,0.16980000000000003,720.0,-10.0,-0.1,0.2272,0.1272,-127.0,-1.0
5.565025351,1.0,0.0,710.0,1.0,720.0,-10.0,-0.1,0.26980000000000004,0.16980000000000003,720.0,-10.0,-0.1,0.2272,0.1272,-127.0,-1.0
5.588030562,1.0,0.0,710.0,1.0,700.0,10.0,0.09091819590000455,0.26980000000000004,0.3607181959000046,700.0,10.0,0.0909181376000015,0.2272,0.3181181376000015,-127.0,-1.0
5.60402498,1.0,0.0,710.0,1.0,700.0,10.0,0.09178240430000187,0.26980000000000004,0.3615824043000019,720.0,-10.0,-0.09994612914999834,0.2272,0.12725387085000167,-127.0,-1.0
5.621580398,1.0,0.0,710.0,1.0,720.0,-10.0,-0.09911021245000029,0.26980000000000004,0.17068978754999975,720.0,-10.0,-0.1,0.2272,0.1272,-127.0,-1.0
5.635231858,1.0,0.0,710.0,1.0,720.0,-10.0,-0.09988199169999916,0.26980000000000004,0.16991800830000087,720.0,-10.0,-0.1,0.2272,0.1272,-127.0,-1.0
5.650200193,1.0,0.0,710.0,1.0,720.0,-10.0,-0.1,0.26980000000000004,0.16980000000000003,720.0,-10.0,-0.1,0.2272,0.1272,-127.0,-1.0
5.665689153,1.0,0.0,710.0,1.0,700.0,10.0,0.09068734175000032,0.26980000000000004,0.36048734175000036,700.0,10.0,0.09068734175000032,0.2272,0.31788734175000033,-127.0,-1.0
5.681785654,1.0,0.0,710.0,1.0,700.0,10.0,0.09149124805000156,0.26980000000000004,0.36129124805000157,700.0,10.0,0.09149124810000103,0.2272,0.31869124810000105,-127.0,-1.0
5.698407448,1.0,0.0,710.0,1.0,720.0,-10.0,-0.09933012914999609,0.26980000000000004,0.17046987085000395,720.0,-10.0,-0.09933012904999713,0.2272,0.12786987095000288,-127.0,-1.0
5.715076783,1.0,0.0,710.0,1.0,720.0,-10.0,-0.1,0.26980000000000004,0.16980000000000003,720.0,-10.0,-0.1,0.2272,0.1272,-127.0,-1.0
5.73361191,1.0,0.0,710.0,1.0,720.0,-10.0,-0.1,0.26980000000000004,0.16980000000000003,700.0,10.0,0.09101348344999792,0.2272,0.31821348344999795,-127.0,-1.0
5.751850411,1.0,0.0,710.0,1.0,720.0,-10.0,-0.1,0.26980000000000004,0.16980000000000003,700.0,10.0,0.09188610644999586,0.2272,0.31908610644999585,-127.0,-1.0
5.777394581,1.0,0.0,710.0,1.0,720.0,-10.0,-0.1,0.26980000000000004,0.16980000000000003,720.0,-10.0,-0.09940686660000893,0.2272,0.1277931333999911,-127.0,-1.0
5.794406332,1.0,0.0,710.0,1.0,700.0,10.0,0.09081095009999786,0.26980000000000004,0.3606109500999979,720.0,-10.0,-0.1,0.2272,0.1272,-127.0,-1.0
5.812166209,1.0,0.0,710.0,1.0,720.0,-10.0,-0.1,0.26980000000000004,0.16980000000000003,700.0,10.0,0.09089613134999809,0.2272,0.3180961313499981,-127.0,-1.0
5.858160005,1.0,0.0,710.0,1.0,700.0,10.0,0.0921257106500002,0.26980000000000004,0.36192571065000023,720.0,-10.0,-0.1,0.2272,0.1272,-127.0,-1.0
5.883832508,1.0,0.0,710.0,1.0,720.0,-10.0,-0.09922295615000394,0.26980000000000004,0.1705770438499961,700.0,10.0,0.09134866680000414,0.2272,0.31854866680000415,-127.0,-1.0
5.901601718,1.0,0.0,710.0,1.0,720.0,-10.0,-0.1,0.26980000000000004,0.16980000000000003,720.0,-10.0,-0.09965255204999153,0.2272,0.1275474479500085,-127.0,-1.0
5.917055095,1.0,0.0,710.0,1.0,720.0,-10.0,-0.1,0.26980000000000004,0.16980000000000003,720.0,-10.0,-0.1,0.2272,0.1272,-127.0,-1.0
5.929055721,1.0,0.0,710.0,1.0,720.0,-10.0,-0.1,0.26980000000000004,0.16980000000000003,720.0,-10.0,-0.1,0.2272,0.1272,-127.0,-1.0
5.944941056,1.0,0.0,710.0,1.0,720.0,-10.0,-0.1,0.26980000000000004,0.16980000000000003,700.0,10.0,0.09067380840000056,0.2272,0.31787380840000057,-127.0,-1.0
5.959044016,1.0,0.0,710.0,1.0,720.0,-10.0,-0.1,0.26980000000000004,0.16980000000000003,720.0,-10.0,-0.1,0.2272,0.1272,-127.0,-1.0
5.974624851,1.0,0.0,710.0,1.0,720.0,-10.0,-0.1,0.26980000000000004,0.16980000000000003,700.0,10.0,0.09077533759999824,0.2272,0.31797533759999824,-127.0,-1.0
5.997602936,1.0,0.0,710.0,1.0,720.0,-10.0,-0.1,0.26980000000000004,0.16980000000000003,740.0,-30.0,-0.29,0.2272,-0.06279999999999997,-127.0,-1.0
6.015164771,1.0,0.0,710.0,1.0,700.0,10.0,0.09080752299999745,0.26980000000000004,0.3606075229999975,720.0,-10.0,-0.1,0.2272,0.1272,-127.0,-1.0
6.03561294,0.0,0.0,710.0,1.0,700.0,10.0,0.09182231889999684,0.26980000000000004,0.36162231889999685,740.0,-30.0,-0.29,0.2272,-0.06279999999999997,-127.0,-1.0
6.054030817,1.0,0.0,710.0,1.0,720.0,-10.0,-0.09912249165000162,0.26980000000000004,0.17067750834999842,700.0,10.0,0.090944810499999,0.2272,0.318144810499999,-127.0,-1.0
6.071219027,1.0,0.0,710.0,1.0,720.0,-10.0,-0.09995975005000446,0.26980000000000004,0.16984024994999558,700.0,10.0,0.09178206890000183,0.2272,0.31898206890000186,-127.0,-1.0
6.090086071,1.0,0.0,710.0,1.0,720.0,-10.0,-0.1,0.26980000000000004,0.16980000000000003,700.0,10.0,0.09264966065000181,0.2272,0.3198496606500018,-127.0,-1.0
6.10491878,1.0,0.0,710.0,1.0,720.0,-10.0,-0.1,0.26980000000000004,0.16980000000000003,700.0,10.0,0.09354175245000193,0.2272,0.3207417524500019,-127.0,-1.0
6.119640949,1.0,0.0,710.0,1.0,720.0,-10.0,-0.1,0.26980000000000004,0.16980000000000003,700.0,10.0,0.09428249834999974,0.2272,0.32148249834999976,-127.0,-1.0
6.136046325,1.0,0.0,710.0,1.0,720.0,-10.0,-0.1,0.26980000000000004,0.16980000000000003,700.0,10.0,0.09507068384999912,0.2272,0.32227068384999913,-127.0,-1.0
6.152617077,1.0,0.0,710.0,1.0,700.0,10.0,0.0908017480000035,0.26980000000000004,0.36060174800000355,700.0,10.0,0.09587244640000223,0.2272,0.3230724464000022,-127.0,-1.0
6.16981287,1.0,0.0,710.0,1.0,700.0,10.0,0.09166063350000059,0.26980000000000004,0.3614606335000006,700.0,10.0,0.09673128815000155,0.2272,0.32393128815000155,-127.0,-1.0
6.192710747,1.0,0.0,710.0,1.0,720.0,-10.0,-0.09948173745000304,0.26980000000000004,0.170318262549997,700.0,10.0,0.09787367370000424,0.2272,0.3250736737000043,-127.0,-1.0
6.209675832,1.0,0.0,710.0,1.0,720.0,-10.0,-0.1,0.26980000000000004,0.16980000000000003,700.0,10.0,0.09872834460000149,0.2272,0.32592834460000153,-127.0,-1.0
6.227948168,1.0,0.0,710.0,1.0,700.0,10.0,0.09087422715000117,0.26980000000000004,0.3606742271500012,720.0,-10.0,-0.09214588259999915,0.2272,0.13505411740000087,-127.0,-1.0
6.244510753,1.0,0.0,710.0,1.0,720.0,-10.0,-0.09998305419999838,0.26980000000000004,0.16981694580000167,700.0,10.0,0.09871135495000317,0.2272,0.3259113549500032,-127.0,-1.0
6.261928504,1.0,0.0,710.0,1.0,720.0,-10.0,-0.1,0.26980000000000004,0.16980000000000003,720.0,-10.0,-0.09214232434999303,0.2272,0.13505767565000698,-127.0,-1.0
6.283978215,0.0,0.0,710.0,1.0,740.0,-30.0,-0.29,0.26980000000000004,-0.02019999999999994,680.0,30.0,0.29,0.2272,0.5172,-127.0,-1.0
6.304263925,1.0,0.0,710.0,1.0,700.0,10.0,0.09106620215000248,0.26980000000000004,0.36086620215000254,720.0,-10.0,-0.09106621675000157,0.2272,0.13613378324999845,-127.0,-1.0
6.319880635,1.0,0.0,710.0,1.0,720.0,-10.0,-0.09973067504999449,0.26980000000000004,0.17006932495000554,700.0,10.0,0.09973067499999502,0.2272,0.32693067499999506,-127.0,-1.0
6.364480556,1.0,0.0,710.0,1.0,700.0,10.0,0.09233769390000589,0.26980000000000004,0.36213769390000594,720.0,-10.0,-0.09233767940000576,0.2272,0.13486232059999426,-127.0,-1.0
6.388813726,1.0,0.0,710.0,1.0,720.0,-10.0,-0.0989300791499943,0.26980000000000004,0.17086992085000574,720.0,-10.0,-0.09360546700000555,0.2272,0.13359453299999446,-127.0,-1.0
6.404610977,1.0,0.0,710.0,1.0,720.0,-10.0,-0.09982469379999656,0.26980000000000004,0.16997530620000348,740.0,-30.0,-0.2862893109500123,0.2272,-0.0590893109500123,-127.0,-1.0
6.425662313,1.0,0.0,710.0,1.0,700.0,10.0,0.09121412089999922,0.26980000000000004,0.3610141208999993,720.0,-10.0,-0.09732809650000945,0.2272,0.12987190349999056,-127.0,-1.0
6.444478898,0.0,0.0,710.0,1.0,700.0,10.0,0.09216174600000158,0.26980000000000004,0.36196174600000164,740.0,-30.0,-0.29,0.2272,-0.06279999999999997,-127.0,-1.0
6.462338525,1.0,0.0,710.0,1.0,700.0,10.0,0.09305837315000304,0.26980000000000004,0.3628583731500031,720.0,-10.0,-0.1,0.2272,0.1272,-127.0,-1.0
6.477322901,1.0,0.0,710.0,1.0,720.0,-10.0,-0.0977477060999945,0.26980000000000004,0.17205229390000554,720.0,-10.0,-0.1,0.2272,0.1272,-127.0,-1.0
6.495726778,1.0,0.0,710.0,1.0,720.0,-10.0,-0.0985168311999928,0.26980000000000004,0.17128316880000724,700.0,10.0,0.0907691250999983,0.2272,0.3179691250999983,-127.0,-1.0
6.511939654,1.0,0.0,710.0,1.0,720.0,-10.0,-0.09941644794999434,0.26980000000000004,0.17038355205000572,700.0,10.0,0.09166877099999851,0.2272,0.31886877099999855,-127.0,-1.0
6.534321282,1.0,0.0,710.0,1.0,700.0,10.0,0.09162083550000602,0.26980000000000004,0.36142083550000603,700.0,10.0,0.0927060398499998,0.2272,0.3199060398499998,-127.0,-1.0
6.556039076,1.0,0.0,710.0,1.0,720.0,-10.0,-0.09949839169999564,0.26980000000000004,0.1703016083000044,700.0,10.0,0.09382526705000147,0.2272,0.32102526705000145,-127.0,-1.0
6.576010953,1.0,0.0,710.0,1.0,720.0,-10.0,-0.1,0.26980000000000004,0.16980000000000003,700.0,10.0,0.09485285259999841,0.2272,0.32205285259999844,-127.0,-1.0
6.590349287,1.0,0.0,710.0,1.0,720.0,-10.0,-0.1,0.26980000000000004,0.16980000000000003,700.0,10.0,0.0956528068499972,0.2272,0.32285280684999723,-127.0,-1.0
6.606658122,1.0,0.0,710.0,1.0,720.0,-10.0,-0.1,0.26980000000000004,0.16980000000000003,700.0,10.0,0.09646533190000015,0.2272,0.32366533190000013,-127.0,-1.0
6.630551166,1.0,0.0,710.0,1.0,720.0,-10.0,-0.1,0.26980000000000004,0.16980000000000003,700.0,10.0,0.09766672159999758,0.2272,0.3248667215999976,-127.0,-1.0
6.64959671,1.0,0.0,710.0,1.0,700.0,10.0,0.09083196470000075,0.26980000000000004,0.3606319647000008,700.0,10.0,0.09849867169999925,0.2272,0.3256986716999993,-127.0,-1.0
6.665690295,1.0,0.0,710.0,1.0,720.0,-10.0,-0.1,0.26980000000000004,0.16980000000000003,720.0,-10.0,-0.09236922630000208,0.2272,0.13483077369999794,-127.0,-1.0
6.680811171,1.0,0.0,710.0,1.0,720.0,-10.0,-0.1,0.26980000000000004,0.16980000000000003,720.0,-10.0,-0.09319162429999892,0.2272,0.1340083757000011,-127.0,-1.0
6.696670256,1.0,0.0,710.0,1.0,720.0,-10.0,-0.1,0.26980000000000004,0.16980000000000003,700.0,10.0,0.09753706120000288,0.2272,0.3247370612000029,-127.0,-1.0
6.714225675,1.0,0.0,710.0,1.0,720.0,-10.0,-0.1,0.26980000000000004,0.16980000000000003,720.0,-10.0,-0.09337849515000016,0.2272,0.13382150484999986,-127.0,-1.0
6.731377427,1.0,0.0,710.0,1.0,720.0,-10.0,-0.1,0.26980000000000004,0.16980000000000003,720.0,-10.0,-0.09424764729999993,0.2272,0.13295235270000008,-127.0,-1.0
6.745865678,1.0,0.0,710.0,1.0,720.0,-10.0,-0.1,0.26980000000000004,0.16980000000000003,720.0,-10.0,-0.09496771405000004,0.2272,0.13223228594999997,-127.0,-1.0
6.764093388,1.0,0.0,710.0,1.0,720.0,-10.0,-0.1,0.26980000000000004,0.16980000000000003,700.0,10.0,0.09593928184999868,0.2272,0.3231392818499987,-127.0,-1.0
6.782775807,1.0,0.0,710.0,1.0,700.0,10.0,0.09081179590000034,0.26980000000000004,0.36061179590000036,720.0,-10.0,-0.09487252865000073,0.2272,0.13232747134999928,-127.0,-1.0
6.801471934,1.0,0.0,710.0,1.0,700.0,10.0,0.09183723764999968,0.26980000000000004,0.3616372376499997,720.0,-10.0,-0.09589797044999955,0.2272,0.13130202955000048,-127.0,-1.0
6.824984644,1.0,0.0,710.0,1.0,720.0,-10.0,-0.09930552705000081,0.26980000000000004,0.17049447294999923,700.0,10.0,0.09524470674999976,0.2272,0.32244470674999975,-127.0,-1.0
6.872176899,1.0,0.0,710.0,1.0,700.0,10.0,0.0929279544499957,0.26980000000000004,0.3627279544499957,720.0,-10.0,-0.09698886220000418,0.2272,0.13021113779999582,-127.0,-1.0
6.897806818,1.0,0.0,710.0,1.0,720.0,-10.0,-0.09838565400000902,0.26980000000000004,0.171414345999991,720.0,-10.0,-0.09830245610000361,0.2272,0.12889754389999641,-127.0,-1.0
6.913709653,1.0,0.0,710.0,1.0,720.0,-10.0,-0.09929152700000828,0.26980000000000004,0.17050847299999178,720.0,-10.0,-0.09920832910000285,0.2272,0.12799167089999716,-127.0,-1.0
6.931813697,1.0,0.0,710.0,1.0,700.0,10.0,0.09160050644998932,0.26980000000000004,0.36140050644998933,720.0,-10.0,-0.1,0.2272,0.1272,-127.0,-1.0
6.951050574,0.0,0.0,710.0,1.0,720.0,-10.0,-0.09948835825001083,0.26980000000000004,0.1703116417499892,0.0,710.0,6.75,0.2272,1.0,-127.0,-1.0
