# Timestamp,ShooterReady,IsShooting,TargetTPS,Tilt,RightTPS,RightError,RightPowerPID,RightPowerFF,RightPower,LeftTPS,LeftError,LeftPowerPID,LeftPowerFF,LeftPower
# 0.000 PIDF Config: kP=0.0095 kI=0.005 kD=0.0
# 0.001 Feedforward Config: kS=0.0 kV_Left=3.2E-4 kV_Right=3.8E-4 kA=0.01
2.393870157,0.0,0.0,695.0,0.0,-0.0,695.0,6.6025,0.2641,1.0,0.0,695.0,6.6025,0.22240000000000001,1.0
2.427432244,0.0,0.0,695.0,0.0,40.0,655.0,6.2275,0.2641,1.0,20.0,675.0,6.4174999999999995,0.22240000000000001,1.0
2.441484454,0.0,0.0,695.0,0.0,60.0,635.0,6.0375,0.2641,1.0,40.0,655.0,6.2275,0.22240000000000001,1.0
2.454211622,0.0,0.0,695.0,0.0,80.0,615.0,5.8475,0.2641,1.0,80.0,615.0,5.8475,0.22240000000000001,1.0
2.468181873,0.0,0.0,695.0,0.0,100.0,595.0,5.6575,0.2641,1.0,80.0,615.0,5.8475,0.22240000000000001,1.0
2.48233675,0.0,0.0,695.0,0.0,120.0,575.0,5.467499999999999,0.2641,1.0,100.0,595.0,5.6575,0.22240000000000001,1.0
2.499371251,0.0,0.0,695.0,0.0,160.0,535.0,5.0874999999999995,0.2641,1.0,140.0,555.0,5.2775,0.22240000000000001,1.0
2.512667169,0.0,0.0,695.0,0.0,200.0,495.0,4.7075,0.2641,1.0,160.0,535.0,5.0874999999999995,0.22240000000000001,1.0
2.528637963,0.0,0.0,695.0,0.0,200.0,495.0,4.7075,0.2641,1.0,200.0,495.0,4.7075,0.22240000000000001,1.0
2.545963256,0.0,0.0,695.0,0.0,260.0,435.0,4.1375,0.2641,1.0,220.0,475.0,4.5175,0.22240000000000001,1.0
2.558497632,0.0,0.0,695.0,0.0,260.0,435.0,4.1375,0.2641,1.0,240.0,455.0,4.3275,0.22240000000000001,1.0
2.576572801,0.0,0.0,695.0,0.0,320.0,375.0,3.5675,0.2641,1.0,280.0,415.0,3.9475,0.22240000000000001,1.0
2.589341677,0.0,0.0,695.0,0.0,340.0,355.0,3.3775,0.2641,1.0,280.0,415.0,3.9475,0.22240000000000001,1.0
2.603227053,0.0,0.0,695.0,0.0,380.0,315.0,2.9974999999999996,0.2641,1.0,320.0,375.0,3.5675,0.22240000000000001,1.0
2.62044093,0.0,0.0,695.0,0.0,400.0,295.0,2.8074999999999997,0.2641,1.0,340.0,355.0,3.3775,0.22240000000000001,1.0
2.633540265,0.0,0.0,695.0,0.0,420.0,275.0,2.6174999999999997,0.2641,1.0,380.0,315.0,2.9974999999999996,0.22240000000000001,1.0
2.646981433,0.0,0.0,695.0,0.0,420.0,275.0,2.6174999999999997,0.2641,1.0,400.0,295.0,2.8074999999999997,0.22240000000000001,1.0
2.665853435,0.0,0.0,695.0,0.0,480.0,215.0,2.0475,0.2641,1.0,440.0,255.0,2.4274999999999998,0.22240000000000001,1.0
2.679188436,0.0,0.0,695.0,0.0,500.0,195.0,1.8575,0.2641,1.0,460.0,235.0,2.2375,0.22240000000000001,1.0
2.693345646,0.0,0.0,695.0,0.0,540.0,155.0,1.4774999999999998,0.2641,1.0,480.0,215.0,2.0475,0.22240000000000001,1.0
2.711016856,0.0,0.0,695.0,0.0,560.0,135.0,1.2874999999999999,0.2641,1.0,500.0,195.0,1.8575,0.22240000000000001,1.0
2.730794191,0.0,0.0,695.0,0.0,600.0,95.0,0.9075,0.2641,1.0,520.0,175.0,1.6674999999999998,0.22240000000000001,1.0
2.745989151,0.0,0.0,695.0,0.0,620.0,75.0,0.7175,0.2641,0.9816,560.0,135.0,1.2874999999999999,0.22240000000000001,1.0
2.762405903,0.0,0.0,695.0,0.0,640.0,55.0,0.5275,0.2641,0.7916,580.0,115.0,1.0975,0.22240000000000001,1.0
2.776885696,0.0,0.0,695.0,0.0,660.0,35.0,0.3375,0.2641,0.6016,600.0,95.0,0.9075,0.22240000000000001,1.0
2.794778281,0.0,0.0,695.0,0.0,700.0,-5.0,-0.04288272505000023,0.2641,0.22121727494999976,620.0,75.0,0.7175,0.22240000000000001,0.9399000000000001
2.815434116,0.0,0.0,695.0,0.0,720.0,-25.0,-0.23551049605000043,0.2641,0.028589503949999567,640.0,55.0,0.5275,0.22240000000000001,0.7499
2.833911785,0.0,0.0,695.0,0.0,720.0,-25.0,-0.23763667342500097,0.2641,0.02646332657499903,680.0,15.0,0.1475,0.22240000000000001,0.3699
2.856046079,1.0,0.0,695.0,0.0,720.0,-25.0,-0.24058655392500197,0.2641,0.02351344607499803,700.0,-5.0,-0.043089939625000115,0.22240000000000001,0.1793100603749999
2.906397376,1.0,0.0,695.0,0.0,720.0,-25.0,-0.2425,0.2641,0.021600000000000008,720.0,-25.0,-0.2383536850000003,0.22240000000000001,-0.015953685000000273
2.947064171,1.0,0.0,695.0,0.0,720.0,-25.0,-0.2425,0.2641,0.021600000000000008,720.0,-25.0,-0.2425,0.22240000000000001,-0.02009999999999998
2.968735882,1.0,0.0,695.0,0.0,720.0,-25.0,-0.2425,0.2641,0.021600000000000008,700.0,-5.0,-0.0525,0.22240000000000001,0.16990000000000002
2.987928425,1.0,0.0,695.0,0.0,720.0,-25.0,-0.2425,0.2641,0.021600000000000008,700.0,-5.0,-0.0525,0.22240000000000001,0.16990000000000002
3.002374094,1.0,0.0,695.0,0.0,720.0,-25.0,-0.2425,0.2641,0.021600000000000008,700.0,-5.0,-0.0525,0.22240000000000001,0.16990000000000002
3.022883221,1.0,0.0,695.0,0.0,700.0,-5.0,-0.0525,0.2641,0.2116,700.0,-5.0,-0.0525,0.22240000000000001,0.16990000000000002
3.035653847,1.0,0.0,695.0,0.0,700.0,-5.0,-0.0525,0.2641,0.2116,700.0,-5.0,-0.0525,0.22240000000000001,0.16990000000000002
3.056149849,0.0,0.0,695.0,0.0,720.0,-25.0,-0.2425,0.2641,0.021600000000000008,680.0,15.0,0.13875934382500005,0.22240000000000001,0.36115934382500003
3.076023143,0.0,0.0,695.0,0.0,720.0,-25.0,-0.2425,0.2641,0.021600000000000008,680.0,15.0,0.14034427524999982,0.22240000000000001,0.36274427524999986
3.092793394,0.0,0.0,695.0,0.0,720.0,-25.0,-0.2425,0.2641,0.021600000000000008,680.0,15.0,0.14162041915000145,0.22240000000000001,0.3640204191500015
3.117301563,1.0,0.0,695.0,0.0,700.0,-5.0,-0.0525,0.2641,0.2116,700.0,-5.0,-0.04895320172499865,0.22240000000000001,0.17344679827500137
3.132948898,1.0,0.0,695.0,0.0,700.0,-5.0,-0.0525,0.2641,0.2116,700.0,-5.0,-0.049384197599998604,0.22240000000000001,0.17301580240000142
3.160255901,1.0,0.0,695.0,0.0,700.0,-5.0,-0.0525,0.2641,0.2116,680.0,15.0,0.14243024635000123,0.22240000000000001,0.3648302463500013
3.180915528,1.0,0.0,695.0,0.0,700.0,-5.0,-0.0525,0.2641,0.2116,700.0,-5.0,-0.048158344349998716,0.22240000000000001,0.1742416556500013
3.200226197,1.0,0.0,695.0,0.0,700.0,-5.0,-0.0525,0.2641,0.2116,700.0,-5.0,-0.04861827354999889,0.22240000000000001,0.17378172645000112
3.225824908,1.0,0.0,695.0,0.0,700.0,-5.0,-0.0525,0.2641,0.2116,680.0,15.0,0.14338818915000004,0.22240000000000001,0.36578818915000005
3.242252159,1.0,0.0,695.0,0.0,700.0,-5.0,-0.0525,0.2641,0.2116,700.0,-5.0,-0.04701536090000019,0.22240000000000001,0.17538463909999982
3.258367911,1.0,0.0,695.0,0.0,700.0,-5.0,-0.0525,0.2641,0.2116,700.0,-5.0,-0.047425772399999885,0.22240000000000001,0.17497422760000014
3.284414039,1.0,0.0,695.0,0.0,700.0,-5.0,-0.0525,0.2641,0.2116,680.0,15.0,0.1445247559000009,0.22240000000000001,0.36692475590000095
3.305652041,1.0,0.0,695.0,0.0,700.0,-5.0,-0.0525,0.2641,0.2116,700.0,-5.0,-0.046000134774998855,0.22240000000000001,0.17639986522500117
3.322516792,1.0,0.0,695.0,0.0,700.0,-5.0,-0.0525,0.2641,0.2116,680.0,15.0,0.14527624972500133,0.22240000000000001,0.36767624972500135
3.343086586,1.0,0.0,695.0,0.0,700.0,-5.0,-0.0525,0.2641,0.2116,700.0,-5.0,-0.04523757219999865,0.22240000000000001,0.17716242780000135
3.362983796,1.0,0.0,695.0,0.0,680.0,15.0,0.13887609077499974,0.2641,0.40297609077499974,680.0,15.0,0.1461383873250014,0.22240000000000001,0.36853838732500144
3.393283591,1.0,0.0,695.0,0.0,680.0,15.0,0.14113205972499968,0.2641,0.40523205972499965,700.0,-5.0,-0.04461361692499836,0.22240000000000001,0.17778638307500166
3.428735095,1.0,0.0,695.0,0.0,700.0,-5.0,-0.049475817425000346,0.2641,0.21462418257499966,720.0,-25.0,-0.2376525286749984,0.22240000000000001,-0.015252528674998378
3.454275181,1.0,0.0,695.0,0.0,700.0,-5.0,-0.050392438350000075,0.2641,0.21370756164999993,680.0,15.0,0.14509766222500317,0.22240000000000001,0.3674976622250032
3.48226935,0.0,0.0,695.0,0.0,720.0,-25.0,-0.2425,0.2641,0.021600000000000008,680.0,15.0,0.1472314811500027,0.22240000000000001,0.3696314811500027
3.504400144,1.0,0.0,695.0,0.0,720.0,-25.0,-0.2425,0.2641,0.021600000000000008,720.0,-25.0,-0.2356785139749955,0.22240000000000001,-0.013278513974995493
3.521793687,1.0,0.0,695.0,0.0,700.0,-5.0,-0.0525,0.2641,0.2116,680.0,15.0,0.14554617992500596,0.22240000000000001,0.367946179925006
3.542651648,1.0,0.0,695.0,0.0,700.0,-5.0,-0.0525,0.2641,0.2116,680.0,15.0,0.14720708320000497,0.22240000000000001,0.369607083200005
3.557756774,1.0,0.0,695.0,0.0,700.0,-5.0,-0.0525,0.2641,0.2116,680.0,15.0,0.1475,0.22240000000000001,0.3699
3.573935526,1.0,0.0,695.0,0.0,700.0,-5.0,-0.0525,0.2641,0.2116,700.0,-5.0,-0.042921421899999784,0.22240000000000001,0.17947857810000023
3.591833653,1.0,0.0,695.0,0.0,700.0,-5.0,-0.0525,0.2641,0.2116,700.0,-5.0,-0.04336910842499961,0.22240000000000001,0.1790308915750004
3.610483113,1.0,0.0,695.0,0.0,700.0,-5.0,-0.0525,0.2641,0.2116,680.0,15.0,0.1475,0.22240000000000001,0.3699
3.62855974,1.0,0.0,695.0,0.0,700.0,-5.0,-0.0525,0.2641,0.2116,700.0,-5.0,-0.04296484380000038,0.22240000000000001,0.17943515619999964
3.646356658,1.0,0.0,695.0,0.0,700.0,-5.0,-0.0525,0.2641,0.2116,700.0,-5.0,-0.04341270530000003,0.22240000000000001,0.1789872947
3.670212661,1.0,0.0,695.0,0.0,700.0,-5.0,-0.0525,0.2641,0.2116,700.0,-5.0,-0.043998590775000256,0.22240000000000001,0.17840140922499975
3.686593537,1.0,0.0,695.0,0.0,680.0,15.0,0.13865182825000133,0.2641,0.40275182825000133,680.0,15.0,0.14715323747499892,0.22240000000000001,0.3695532374749989
3.708562165,1.0,0.0,695.0,0.0,680.0,15.0,0.14029354712500108,0.2641,0.4043935471250011,700.0,-5.0,-0.04339400945000122,0.22240000000000001,0.1790059905499988
3.727035166,1.0,0.0,695.0,0.0,700.0,-5.0,-0.05017348417499875,0.2641,0.21392651582500125,720.0,-25.0,-0.23572916595000037,0.22240000000000001,-0.01332916595000036
3.749101794,1.0,0.0,695.0,0.0,720.0,-25.0,-0.2425,0.2641,0.021600000000000008,700.0,-5.0,-0.0462761212250004,0.22240000000000001,0.17612387877499963
3.765368045,1.0,0.0,695.0,0.0,720.0,-25.0,-0.2425,0.2641,0.021600000000000008,700.0,-5.0,-0.04671351917500061,0.22240000000000001,0.1756864808249994
3.790620548,1.0,0.0,695.0,0.0,700.0,-5.0,-0.0525,0.2641,0.2116,700.0,-5.0,-0.04731376925000063,0.22240000000000001,0.17508623074999938
3.811276092,0.0,0.0,695.0,0.0,720.0,-25.0,-0.2425,0.2641,0.021600000000000008,680.0,15.0,0.1442257715000002,0.22240000000000001,0.3666257715000002
3.837713344,1.0,0.0,695.0,0.0,700.0,-5.0,-0.0525,0.2641,0.2116,680.0,15.0,0.14611955607499907,0.22240000000000001,0.3685195560749991
3.852307179,1.0,0.0,695.0,0.0,700.0,-5.0,-0.0525,0.2641,0.2116,700.0,-5.0,-0.044313918975000914,0.22240000000000001,0.1780860810249991
3.875189598,1.0,0.0,695.0,0.0,700.0,-5.0,-0.0525,0.2641,0.2116,700.0,-5.0,-0.04488153152500118,0.22240000000000001,0.17751846847499883
3.903007017,1.0,0.0,695.0,0.0,700.0,-5.0,-0.0525,0.2641,0.2116,680.0,15.0,0.1471708030499981,0.22240000000000001,0.3695708030499981
3.936269854,1.0,0.0,695.0,0.0,700.0,-5.0,-0.0525,0.2641,0.2116,680.0,15.0,0.1475,0.22240000000000001,0.3699
3.968620649,0.0,0.0,695.0,0.0,680.0,15.0,0.14020427530000104,0.2641,0.404304275300001,720.0,-25.0,-0.2370068337499998,0.22240000000000001,-0.014606833749999798
3.997697194,1.0,0.0,695.0,0.0,680.0,15.0,0.14244834422500147,0.2641,0.40654834422500147,680.0,15.0,0.14523716962500102,0.22240000000000001,0.36763716962500104
4.018281862,0.0,0.0,695.0,0.0,720.0,-25.0,-0.24015565614999615,0.2641,0.023944343850003852,680.0,15.0,0.14679943852500071,0.22240000000000001,0.3691994385250007
4.044357448,1.0,0.0,695.0,0.0,700.0,-5.0,-0.05079021349999607,0.2641,0.21330978650000393,700.0,-5.0,-0.04383482717499902,0.22240000000000001,0.178565172825001
4.068153659,1.0,0.0,695.0,0.0,700.0,-5.0,-0.05139877604999597,0.2641,0.21270122395000401,680.0,15.0,0.1475,0.22240000000000001,0.3699
4.084372077,1.0,0.0,695.0,0.0,700.0,-5.0,-0.05186876777499606,0.2641,0.21223123222500395,680.0,15.0,0.1475,0.22240000000000001,0.3699
4.105932663,1.0,0.0,695.0,0.0,700.0,-5.0,-0.052336324074995985,0.2641,0.211763675925004,700.0,-5.0,-0.042967563600000175,0.22240000000000001,0.17943243639999984
4.122180539,1.0,0.0,695.0,0.0,700.0,-5.0,-0.0525,0.2641,0.2116,720.0,-25.0,-0.235067636725,0.22240000000000001,-0.012667636724999987
4.142257708,1.0,0.0,695.0,0.0,700.0,-5.0,-0.0525,0.2641,0.2116,680.0,15.0,0.14654654154999974,0.22240000000000001,0.36894654154999973
4.156892668,1.0,0.0,695.0,0.0,700.0,-5.0,-0.0525,0.2641,0.2116,700.0,-5.0,-0.04380930640000031,0.22240000000000001,0.1785906935999997
4.179262045,1.0,0.0,695.0,0.0,700.0,-5.0,-0.0525,0.2641,0.2116,700.0,-5.0,-0.04437088874999972,0.22240000000000001,0.1780291112500003
4.203128548,1.0,0.0,695.0,0.0,700.0,-5.0,-0.0525,0.2641,0.2116,700.0,-5.0,-0.044976425275000335,0.22240000000000001,0.17742357472499967
4.226002217,1.0,0.0,695.0,0.0,700.0,-5.0,-0.0525,0.2641,0.2116,700.0,-5.0,-0.045547552425000075,0.22240000000000001,0.17685244757499993
4.240728176,1.0,0.0,695.0,0.0,700.0,-5.0,-0.0525,0.2641,0.2116,700.0,-5.0,-0.04590417327499978,0.22240000000000001,0.17649582672500025
4.256654345,1.0,0.0,695.0,0.0,700.0,-5.0,-0.0525,0.2641,0.2116,680.0,15.0,0.14532222687500165,0.22240000000000001,0.36772222687500167
4.271939721,1.0,0.0,695.0,0.0,700.0,-5.0,-0.0525,0.2641,0.2116,680.0,15.0,0.14643761135000147,0.22240000000000001,0.3688376113500015
4.29034564,1.0,0.0,695.0,0.0,700.0,-5.0,-0.0525,0.2641,0.2116,700.0,-5.0,-0.04402320014999816,0.22240000000000001,0.17837679985000185
4.314187934,1.0,0.0,695.0,0.0,700.0,-5.0,-0.0525,0.2641,0.2116,700.0,-5.0,-0.04462443459999818,0.22240000000000001,0.17777556540000183
4.330975394,1.0,0.0,695.0,0.0,700.0,-5.0,-0.0525,0.2641,0.2116,680.0,15.0,0.14662963740000293,0.22240000000000001,0.36902963740000294
4.353359354,1.0,0.0,695.0,0.0,700.0,-5.0,-0.0525,0.2641,0.2116,700.0,-5.0,-0.043934978274996726,0.22240000000000001,0.17846502172500328
4.368355689,1.0,0.0,695.0,0.0,700.0,-5.0,-0.0525,0.2641,0.2116,700.0,-5.0,-0.04430347727499708,0.22240000000000001,0.17809652272500293
4.395441609,1.0,0.0,695.0,0.0,700.0,-5.0,-0.0525,0.2641,0.2116,700.0,-5.0,-0.04498287109999694,0.22240000000000001,0.17741712890000308
4.421597111,1.0,0.0,695.0,0.0,700.0,-5.0,-0.0525,0.2641,0.2116,700.0,-5.0,-0.04563820969999696,0.22240000000000001,0.17676179030000305
4.460020698,1.0,0.0,695.0,0.0,680.0,15.0,0.1398141126999981,0.2641,0.4039141126999981,700.0,-5.0,-0.046409609774996884,0.22240000000000001,0.17599039022500312
4.498300786,1.0,0.0,695.0,0.0,700.0,-5.0,-0.05126096345000249,0.2641,0.2128390365499975,700.0,-5.0,-0.04748443799999677,0.22240000000000001,0.17491556200000324
4.531090247,1.0,0.0,695.0,0.0,700.0,-5.0,-0.0520934166500021,0.2641,0.2120065833499979,700.0,-5.0,-0.0483170953749972,0.22240000000000001,0.1740829046250028
4.557015625,1.0,0.0,695.0,0.0,700.0,-5.0,-0.0525,0.2641,0.2116,700.0,-5.0,-0.048977873574996805,0.22240000000000001,0.1734221264250032
4.57225871,1.0,0.0,695.0,0.0,700.0,-5.0,-0.0525,0.2641,0.2116,700.0,-5.0,-0.04940374339999664,0.22240000000000001,0.17299625660000337
4.602746046,1.0,0.0,695.0,0.0,700.0,-5.0,-0.0525,0.2641,0.2116,680.0,15.0,0.14289529745000407,0.22240000000000001,0.3652952974500041
4.628160424,1.0,0.0,695.0,0.0,700.0,-5.0,-0.0525,0.2641,0.2116,700.0,-5.0,-0.04773967554999558,0.22240000000000001,0.17466032445000443
4.656192218,1.0,0.0,695.0,0.0,700.0,-5.0,-0.0525,0.2641,0.2116,700.0,-5.0,-0.04843843602499575,0.22240000000000001,0.17396156397500426
4.695471555,1.0,0.0,695.0,0.0,680.0,15.0,0.14018646902499937,0.2641,0.4042864690249994,680.0,15.0,0.14424803300000574,0.22240000000000001,0.36664803300000576
4.712984682,1.0,0.0,695.0,0.0,680.0,15.0,0.1416322535500001,0.2641,0.4057322535500001,700.0,-5.0,-0.04623389517499376,0.22240000000000001,0.17616610482500625
4.732085934,1.0,0.0,695.0,0.0,680.0,15.0,0.14310643187500105,0.2641,0.40720643187500105,700.0,-5.0,-0.04672530979999394,0.22240000000000001,0.1756746902000061
4.748468852,1.0,0.0,695.0,0.0,700.0,-5.0,-0.04729260462499894,0.2641,0.21680739537500104,700.0,-5.0,-0.04712434629999393,0.22240000000000001,0.17527565370000608
4.766856104,1.0,0.0,695.0,0.0,700.0,-5.0,-0.04775755049999845,0.2641,0.21634244950000156,700.0,-5.0,-0.047589204674993654,0.22240000000000001,0.17481079532500637
4.785283606,1.0,0.0,695.0,0.0,720.0,-25.0,-0.24005697774999987,0.2641,0.02404302225000013,700.0,-5.0,-0.04804910472499373,0.22240000000000001,0.1743508952750063
4.8044499,1.0,0.0,695.0,0.0,720.0,-25.0,-0.24246771237499828,0.2641,0.021632287625001717,700.0,-5.0,-0.048531266249993904,0.22240000000000001,0.1738687337500061
4.831858986,1.0,0.0,695.0,0.0,700.0,-5.0,-0.0525,0.2641,0.2116,700.0,-5.0,-0.04920379859999386,0.22240000000000001,0.17319620140000616
4.849111946,1.0,0.0,695.0,0.0,700.0,-5.0,-0.0525,0.2641,0.2116,700.0,-5.0,-0.04967998094999359,0.22240000000000001,0.17272001905000642
4.874689073,1.0,0.0,695.0,0.0,700.0,-5.0,-0.0525,0.2641,0.2116,680.0,15.0,0.14224904417500767,0.22240000000000001,0.36464904417500765
4.891998325,1.0,0.0,695.0,0.0,700.0,-5.0,-0.0525,0.2641,0.2116,700.0,-5.0,-0.048183439224992526,0.22240000000000001,0.1742165607750075
4.917471911,1.0,0.0,695.0,0.0,700.0,-5.0,-0.0525,0.2641,0.2116,720.0,-25.0,-0.24125078847499182,0.22240000000000001,-0.018850788474991803
4.966023916,1.0,0.0,695.0,0.0,700.0,-5.0,-0.0525,0.2641,0.2116,680.0,15.0,0.1420086087000071,0.22240000000000001,0.36440860870000713
5.004171586,1.0,0.0,695.0,0.0,700.0,-5.0,-0.0525,0.2641,0.2116,680.0,15.0,0.14530339965000805,0.22240000000000001,0.3677033996500081
5.033368006,1.0,0.0,695.0,0.0,700.0,-5.0,-0.0525,0.2641,0.2116,680.0,15.0,0.14744710612500767,0.22240000000000001,0.3698471061250077
5.049360383,1.0,0.0,695.0,0.0,700.0,-5.0,-0.0525,0.2641,0.2116,680.0,15.0,0.1475,0.22240000000000001,0.3699
5.068669593,1.0,0.0,695.0,0.0,700.0,-5.0,-0.0525,0.2641,0.2116,680.0,15.0,0.1475,0.22240000000000001,0.3699
5.083760719,1.0,0.0,695.0,0.0,700.0,-5.0,-0.0525,0.2641,0.2116,680.0,15.0,0.1475,0.22240000000000001,0.3699
5.109628347,1.0,0.0,695.0,0.0,680.0,15.0,0.1391005720750016,0.2641,0.4032005720750016,700.0,-5.0,-0.04303353129999962,0.22240000000000001,0.1793664687000004
5.125556557,1.0,0.0,695.0,0.0,680.0,15.0,0.14033605030000088,0.2641,0.40443605030000085,700.0,-5.0,-0.043445350099999586,0.22240000000000001,0.17895464990000043
5.141834767,1.0,0.0,695.0,0.0,680.0,15.0,0.14158716917499986,0.2641,0.40568716917499986,680.0,15.0,0.1475,0.22240000000000001,0.3699
5.160412185,1.0,0.0,695.0,0.0,700.0,-5.0,-0.0488544215000006,0.2641,0.2152455784999994,700.0,-5.0,-0.04294160525000052,0.22240000000000001,0.1794583947499995
5.17767127,1.0,0.0,695.0,0.0,700.0,-5.0,-0.049293270500000264,0.2641,0.21480672949999974,680.0,15.0,0.1475,0.22240000000000001,0.3699
5.195282981,1.0,0.0,695.0,0.0,720.0,-25.0,-0.24157293737500138,0.2641,0.022527062624998623,700.0,-5.0,-0.04295599899999971,0.22240000000000001,0.1794440010000003
5.217844275,0.0,0.0,695.0,0.0,720.0,-25.0,-0.2425,0.2641,0.021600000000000008,680.0,15.0,0.1475,0.22240000000000001,0.3699
5.246543111,1.0,0.0,695.0,0.0,700.0,-5.0,-0.0525,0.2641,0.2116,720.0,-25.0,-0.23609851074999894,0.22240000000000001,-0.013698510749998921
5.269113738,1.0,0.0,695.0,0.0,700.0,-5.0,-0.0525,0.2641,0.2116,700.0,-5.0,-0.04669105352499898,0.22240000000000001,0.17570894647500104
5.287671615,1.0,0.0,695.0,0.0,700.0,-5.0,-0.0525,0.2641,0.2116,700.0,-5.0,-0.047120897324998905,0.22240000000000001,0.1752791026750011
5.311433701,1.0,0.0,695.0,0.0,700.0,-5.0,-0.0525,0.2641,0.2116,700.0,-5.0,-0.047741753624999037,0.22240000000000001,0.174658246375001
5.326760785,1.0,0.0,695.0,0.0,700.0,-5.0,-0.0525,0.2641,0.2116,700.0,-5.0,-0.048133206799998905,0.22240000000000001,0.1742667932000011
5.354371413,1.0,0.0,695.0,0.0,700.0,-5.0,-0.0525,0.2641,0.2116,700.0,-5.0,-0.048823771449999075,0.22240000000000001,0.17357622855000093
5.370999915,1.0,0.0,695.0,0.0,700.0,-5.0,-0.0525,0.2641,0.2116,700.0,-5.0,-0.049208975649998904,0.22240000000000001,0.1731910243500011
5.398791668,1.0,0.0,695.0,0.0,680.0,15.0,0.13957860647499984,0.2641,0.40367860647499987,680.0,15.0,0.14286960892500017,0.22240000000000001,0.36526960892500016
5.416774378,1.0,0.0,695.0,0.0,680.0,15.0,0.1409013222250003,0.2641,0.4050013222250003,680.0,15.0,0.14419230285000123,0.22240000000000001,0.3665923028500012
5.443787089,1.0,0.0,695.0,0.0,700.0,-5.0,-0.04975012992499913,0.2641,0.21434987007500086,700.0,-5.0,-0.04645906179999841,0.22240000000000001,0.17594093820000162
5.494468552,1.0,0.0,695.0,0.0,700.0,-5.0,-0.05089164774999958,0.2641,0.21320835225000043,700.0,-5.0,-0.04760059419999891,0.22240000000000001,0.1747994058000011
5.527263556,0.0,0.0,695.0,0.0,720.0,-25.0,-0.2425,0.2641,0.021600000000000008,680.0,15.0,0.14531433735000104,0.22240000000000001,0.36771433735000103
5.557800767,1.0,0.0,695.0,0.0,700.0,-5.0,-0.0525,0.2641,0.2116,700.0,-5.0,-0.045433335649998983,0.22240000000000001,0.17696666435000102
5.573137185,1.0,0.0,695.0,0.0,700.0,-5.0,-0.0525,0.2641,0.2116,720.0,-25.0,-0.23761697127499742,0.22240000000000001,-0.01521697127499741
5.597707479,1.0,0.0,695.0,0.0,700.0,-5.0,-0.0525,0.2641,0.2116,700.0,-5.0,-0.04822978487499754,0.22240000000000001,0.17417021512500247
5.614641648,1.0,0.0,695.0,0.0,700.0,-5.0,-0.0525,0.2641,0.2116,680.0,15.0,0.14303172457500238,0.22240000000000001,0.3654317245750024
5.637351108,1.0,0.0,695.0,0.0,700.0,-5.0,-0.0525,0.2641,0.2116,700.0,-5.0,-0.047540795274997834,0.22240000000000001,0.1748592047250022
5.65152961,1.0,0.0,695.0,0.0,700.0,-5.0,-0.0525,0.2641,0.2116,700.0,-5.0,-0.04789354427499745,0.22240000000000001,0.17450645572500256
5.683184196,1.0,0.0,695.0,0.0,680.0,15.0,0.13967010954999848,0.2641,0.4037701095499985,680.0,15.0,0.14427660907500253,0.22240000000000001,0.36667660907500255
5.714876408,1.0,0.0,695.0,0.0,700.0,-5.0,-0.051112023875001855,0.2641,0.21298797612499815,700.0,-5.0,-0.046505509749997315,0.22240000000000001,0.1758944902500027
5.73239741,1.0,0.0,695.0,0.0,700.0,-5.0,-0.051587710375001594,0.2641,0.2125122896249984,700.0,-5.0,-0.046981203549997304,0.22240000000000001,0.17541879645000272
5.759612246,1.0,0.0,695.0,0.0,700.0,-5.0,-0.05225949170000149,0.2641,0.2118405082999985,680.0,15.0,0.14503409670000436,0.22240000000000001,0.3674340967000044
5.783725206,1.0,0.0,695.0,0.0,700.0,-5.0,-0.0525,0.2641,0.2116,700.0,-5.0,-0.045584871049995285,0.22240000000000001,0.17681512895000473
5.798802333,1.0,0.0,695.0,0.0,700.0,-5.0,-0.0525,0.2641,0.2116,700.0,-5.0,-0.0459892158999952,0.22240000000000001,0.17641078410000482
5.816776293,1.0,0.0,695.0,0.0,700.0,-5.0,-0.0525,0.2641,0.2116,700.0,-5.0,-0.04642655552499548,0.22240000000000001,0.17597344447500454
5.846141296,1.0,0.0,695.0,0.0,700.0,-5.0,-0.0525,0.2641,0.2116,700.0,-5.0,-0.04717745872499563,0.22240000000000001,0.1752225412750044
5.870160923,1.0,0.0,695.0,0.0,700.0,-5.0,-0.0525,0.2641,0.2116,680.0,15.0,0.14461003517500243,0.22240000000000001,0.3670100351750024
5.885137133,1.0,0.0,695.0,0.0,700.0,-5.0,-0.0525,0.2641,0.2116,680.0,15.0,0.1457572040500038,0.22240000000000001,0.36815720405000385
5.909105719,1.0,0.0,695.0,0.0,680.0,15.0,0.13916125329999998,0.2641,0.40326125329999996,700.0,-5.0,-0.044796583499995817,0.22240000000000001,0.1776034165000042
5.929107054,1.0,0.0,695.0,0.0,680.0,15.0,0.14070057535000088,0.2641,0.4048005753500009,700.0,-5.0,-0.045308932524995814,0.22240000000000001,0.1770910674750042
5.95565864,1.0,0.0,695.0,0.0,700.0,-5.0,-0.049960108049998696,0.2641,0.2141398919500013,700.0,-5.0,-0.04597056382499602,0.22240000000000001,0.176429436175004
5.976199851,1.0,0.0,695.0,0.0,700.0,-5.0,-0.0504607757999986,0.2641,0.2136392242000014,700.0,-5.0,-0.0464711513749964,0.22240000000000001,0.17592884862500363
6.022985522,0.0,0.0,695.0,0.0,720.0,-25.0,-0.2425,0.2641,0.021600000000000008,680.0,15.0,0.14663649897500247,0.22240000000000001,0.36903649897500246
6.063637443,1.0,0.0,695.0,0.0,700.0,-5.0,-0.0525,0.2641,0.2116,700.0,-5.0,-0.04452009799999772,0.22240000000000001,0.1778799020000023
6.089084487,1.0,0.0,695.0,0.0,700.0,-5.0,-0.0525,0.2641,0.2116,700.0,-5.0,-0.04519160224999751,0.22240000000000001,0.1772083977500025
6.104133905,1.0,0.0,695.0,0.0,700.0,-5.0,-0.0525,0.2641,0.2116,700.0,-5.0,-0.04556828249999782,0.22240000000000001,0.1768317175000022
6.121227032,1.0,0.0,695.0,0.0,700.0,-5.0,-0.0525,0.2641,0.2116,700.0,-5.0,-0.046000153374997695,0.22240000000000001,0.17639984662500233
6.139225492,1.0,0.0,695.0,0.0,700.0,-5.0,-0.0525,0.2641,0.2116,700.0,-5.0,-0.04644959717499788,0.22240000000000001,0.17595040282500213
6.157169994,1.0,0.0,695.0,0.0,680.0,15.0,0.13869982195000005,0.2641,0.4027998219500001,700.0,-5.0,-0.04684955969999748,0.22240000000000001,0.17555044030000252
6.175455746,1.0,0.0,695.0,0.0,680.0,15.0,0.14012075649999928,0.2641,0.4042207564999993,680.0,15.0,0.14457130922500297,0.22240000000000001,0.366971309225003
6.201874915,1.0,0.0,695.0,0.0,680.0,15.0,0.1418321691999992,0.2641,0.4059321691999992,680.0,15.0,0.14628248125000295,0.22240000000000001,0.36868248125000297
6.224458667,1.0,0.0,695.0,0.0,720.0,-25.0,-0.2414459091750014,0.2641,0.022654090824998613,700.0,-5.0,-0.044373229224997174,0.22240000000000001,0.17802677077500284
6.244156086,0.0,0.0,695.0,0.0,720.0,-25.0,-0.2425,0.2641,0.021600000000000008,680.0,15.0,0.1470900990750016,0.22240000000000001,0.36949009907500163
6.272513089,1.0,0.0,695.0,0.0,700.0,-5.0,-0.0525,0.2641,0.2116,700.0,-5.0,-0.0436032655749986,0.22240000000000001,0.1787967344250014
6.288888132,1.0,0.0,695.0,0.0,700.0,-5.0,-0.0525,0.2641,0.2116,700.0,-5.0,-0.04406717604999841,0.22240000000000001,0.1783328239500016
6.317656968,1.0,0.0,695.0,0.0,700.0,-5.0,-0.0525,0.2641,0.2116,680.0,15.0,0.1475,0.22240000000000001,0.3699
6.330308886,1.0,0.0,695.0,0.0,700.0,-5.0,-0.0525,0.2641,0.2116,680.0,15.0,0.1475,0.22240000000000001,0.3699
6.355028514,1.0,0.0,695.0,0.0,700.0,-5.0,-0.0525,0.2641,0.2116,700.0,-5.0,-0.04306433860000027,0.22240000000000001,0.17933566139999974
6.370672349,1.0,0.0,695.0,0.0,700.0,-5.0,-0.0525,0.2641,0.2116,700.0,-5.0,-0.04345215322499982,0.22240000000000001,0.1789478467750002
6.395227184,1.0,0.0,695.0,0.0,700.0,-5.0,-0.0525,0.2641,0.2116,700.0,-5.0,-0.04407062517500037,0.22240000000000001,0.17832937482499964
6.411311728,1.0,0.0,695.0,0.0,700.0,-5.0,-0.0525,0.2641,0.2116,700.0,-5.0,-0.044471739799999736,0.22240000000000001,0.17792826020000027
6.435501105,1.0,0.0,695.0,0.0,700.0,-5.0,-0.0525,0.2641,0.2116,700.0,-5.0,-0.04507630652499969,0.22240000000000001,0.17732369347500032
6.450374357,1.0,0.0,695.0,0.0,700.0,-5.0,-0.0525,0.2641,0.2116,700.0,-5.0,-0.045439694049999986,0.22240000000000001,0.17696030595000004
6.475212693,1.0,0.0,695.0,0.0,700.0,-5.0,-0.0525,0.2641,0.2116,700.0,-5.0,-0.04605947119999982,0.22240000000000001,0.1763405288000002
6.495899153,1.0,0.0,695.0,0.0,700.0,-5.0,-0.0525,0.2641,0.2116,700.0,-5.0,-0.046574343125000014,0.22240000000000001,0.175825656875
6.534178073,1.0,0.0,695.0,0.0,700.0,-5.0,-0.0525,0.2641,0.2116,680.0,15.0,0.14592894462499956,0.22240000000000001,0.36832894462499954
6.561583951,1.0,0.0,695.0,0.0,680.0,15.0,0.1398196908999992,0.2641,0.40391969089999924,700.0,-5.0,-0.04484420545000092,0.22240000000000001,0.1775557945499991
6.587266662,1.0,0.0,695.0,0.0,680.0,15.0,0.14177402544999892,0.2641,0.40587402544999895,700.0,-5.0,-0.04549567217500041,0.22240000000000001,0.1769043278249996
6.606103372,1.0,0.0,695.0,0.0,700.0,-5.0,-0.048692648550001535,0.2641,0.21540735144999845,700.0,-5.0,-0.04596233160000082,0.22240000000000001,0.1764376683999992
6.632002792,1.0,0.0,695.0,0.0,700.0,-5.0,-0.04934092155000173,0.2641,0.21475907844999828,700.0,-5.0,-0.04661061917500035,0.22240000000000001,0.17578938082499967
6.655089377,1.0,0.0,695.0,0.0,700.0,-5.0,-0.04991054660000117,0.2641,0.21418945339999884,700.0,-5.0,-0.04718022965000045,0.22240000000000001,0.17521977034999955
6.687196047,1.0,0.0,695.0,0.0,700.0,-5.0,-0.050686030000001527,0.2641,0.21341396999999848,680.0,15.0,0.1451461331000003,0.22240000000000001,0.3675461331000003
6.716902008,1.0,0.0,695.0,0.0,700.0,-5.0,-0.05136573007500132,0.2641,0.21273426992499866,700.0,-5.0,-0.045533661749999794,0.22240000000000001,0.17686633825000023
6.73489726,1.0,0.0,695.0,0.0,680.0,15.0,0.14030280759999839,0.2641,0.40440280759999836,700.0,-5.0,-0.046089862849999295,0.22240000000000001,0.1763101371500007
6.755490971,1.0,0.0,695.0,0.0,680.0,15.0,0.1418330952249981,0.2641,0.4059330952249981,700.0,-5.0,-0.0465999733249997,0.22240000000000001,0.17580002667500033
6.772352514,1.0,0.0,695.0,0.0,680.0,15.0,0.1430912578749982,0.2641,0.4071912578749982,680.0,15.0,0.14465818924999907,0.22240000000000001,0.3670581892499991
6.7970596,1.0,0.0,695.0,0.0,680.0,15.0,0.14491696742499868,0.2641,0.4090169674249987,680.0,15.0,0.14648381134999922,0.22240000000000001,0.36888381134999926
6.81222131,1.0,0.0,695.0,0.0,720.0,-25.0,-0.2370522567000033,0.2641,0.027047743299996707,700.0,-5.0,-0.04391002617500092,0.22240000000000001,0.1784899738249991
6.829056895,1.0,0.0,695.0,0.0,720.0,-25.0,-0.23911120482500037,0.2641,0.024988795174999634,700.0,-5.0,-0.044321823100001295,0.22240000000000001,0.17807817689999872
6.849276688,0.0,0.0,695.0,0.0,720.0,-25.0,-0.24166762695000044,0.2641,0.022432373049999565,680.0,15.0,0.14721192082499768,0.22240000000000001,0.3696119208249977
6.866283773,1.0,0.0,695.0,0.0,700.0,-5.0,-0.05209658117500041,0.2641,0.2120034188249996,700.0,-5.0,-0.04321706982500217,0.22240000000000001,0.17918293017499784
6.882775192,1.0,0.0,695.0,0.0,700.0,-5.0,-0.0525,0.2641,0.2116,700.0,-5.0,-0.043627598000002196,0.22240000000000001,0.17877240199999783
6.898709527,1.0,0.0,695.0,0.0,720.0,-25.0,-0.2425,0.2641,0.021600000000000008,700.0,-5.0,-0.04402513242500234,0.22240000000000001,0.17837486757499768
6.913573153,1.0,0.0,695.0,0.0,720.0,-25.0,-0.2425,0.2641,0.021600000000000008,700.0,-5.0,-0.044431110575002035,0.22240000000000001,0.17796888942499797
6.93052103,1.0,0.0,695.0,0.0,720.0,-25.0,-0.2425,0.2641,0.021600000000000008,700.0,-5.0,-0.04484918562500255,0.22240000000000001,0.17755081437499748
6.960004158,1.0,0.0,695.0,0.0,700.0,-5.0,-0.0525,0.2641,0.2116,680.0,15.0,0.1471886020999959,0.22240000000000001,0.3695886020999959
6.984634535,1.0,0.0,695.0,0.0,700.0,-5.0,-0.0525,0.2641,0.2116,700.0,-5.0,-0.04348298962500465,0.22240000000000001,0.17891701037499536
7.002163704,1.0,0.0,695.0,0.0,700.0,-5.0,-0.0525,0.2641,0.2116,720.0,-25.0,-0.2357181045000037,0.22240000000000001,-0.013318104500003675
7.04615725,1.0,0.0,695.0,0.0,700.0,-5.0,-0.0525,0.2641,0.2116,680.0,15.0,0.14715673009999702,0.22240000000000001,0.369556730099997
7.063486627,1.0,0.0,695.0,0.0,700.0,-5.0,-0.0525,0.2641,0.2116,680.0,15.0,0.1475,0.22240000000000001,0.3699
7.076916711,1.0,0.0,695.0,0.0,700.0,-5.0,-0.0525,0.2641,0.2116,680.0,15.0,0.1475,0.22240000000000001,0.3699
7.092713671,1.0,0.0,695.0,0.0,700.0,-5.0,-0.0525,0.2641,0.2116,680.0,15.0,0.1475,0.22240000000000001,0.3699
7.11591109,1.0,0.0,695.0,0.0,700.0,-5.0,-0.0525,0.2641,0.2116,700.0,-5.0,-0.04302722399999965,0.22240000000000001,0.17937277600000037
7.134578925,1.0,0.0,695.0,0.0,700.0,-5.0,-0.0525,0.2641,0.2116,680.0,15.0,0.1475,0.22240000000000001,0.3699
7.155599928,1.0,0.0,695.0,0.0,700.0,-5.0,-0.0525,0.2641,0.2116,680.0,15.0,0.1475,0.22240000000000001,0.3699
7.170893762,1.0,0.0,695.0,0.0,700.0,-5.0,-0.0525,0.2641,0.2116,680.0,15.0,0.1475,0.22240000000000001,0.3699
7.193836556,1.0,0.0,695.0,0.0,700.0,-5.0,-0.0525,0.2641,0.2116,700.0,-5.0,-0.04299242090000021,0.22240000000000001,0.1794075790999998
7.211841725,1.0,0.0,695.0,0.0,700.0,-5.0,-0.0525,0.2641,0.2116,700.0,-5.0,-0.04343997614999992,0.22240000000000001,0.1789600238500001
7.232136185,1.0,0.0,695.0,0.0,700.0,-5.0,-0.0525,0.2641,0.2116,680.0,15.0,0.1475,0.22240000000000001,0.3699
7.246564937,1.0,0.0,695.0,0.0,700.0,-5.0,-0.0525,0.2641,0.2116,700.0,-5.0,-0.04286249065000007,0.22240000000000001,0.17953750934999996
7.270360856,1.0,0.0,695.0,0.0,680.0,15.0,0.13910039709999963,0.2641,0.40320039709999966,700.0,-5.0,-0.04339596362499975,0.22240000000000001,0.17900403637500026
7.288350274,1.0,0.0,695.0,0.0,680.0,15.0,0.1405022346999999,0.2641,0.4046022346999999,700.0,-5.0,-0.04386325012500009,0.22240000000000001,0.17853674987499993
7.313076027,1.0,0.0,695.0,0.0,680.0,15.0,0.1423427973999999,0.2641,0.4064427973999999,680.0,15.0,0.1475,0.22240000000000001,0.3699
7.32941432,1.0,0.0,695.0,0.0,700.0,-5.0,-0.04808315992500042,0.2641,0.21601684007499958,700.0,-5.0,-0.042925971924999404,0.22240000000000001,0.17947402807500062
7.350414322,1.0,0.0,695.0,0.0,700.0,-5.0,-0.04859908185000009,0.2641,0.21550091814999991,700.0,-5.0,-0.043441901149999324,0.22240000000000001,0.1789580988500007
7.368033032,1.0,0.0,695.0,0.0,700.0,-5.0,-0.04903808397500043,0.2641,0.21506191602499958,700.0,-5.0,-0.04388089597499942,0.22240000000000001,0.1785191040250006
7.393320826,1.0,0.0,695.0,0.0,700.0,-5.0,-0.04962808925000047,0.2641,0.21447191074999952,700.0,-5.0,-0.044470930425000006,0.22240000000000001,0.17792906957500002
7.411368287,1.0,0.0,695.0,0.0,700.0,-5.0,-0.05012356535000052,0.2641,0.2139764346499995,700.0,-5.0,-0.044966406499999605,0.22240000000000001,0.1774335935000004
7.435436331,1.0,0.0,695.0,0.0,700.0,-5.0,-0.05073433000000037,0.2641,0.21336566999999962,700.0,-5.0,-0.04557714927499987,0.22240000000000001,0.17682285072500015
7.454152291,1.0,0.0,695.0,0.0,700.0,-5.0,-0.05118002587500015,0.2641,0.21291997412499986,700.0,-5.0,-0.046022830574999604,0.22240000000000001,0.17637716942500042
7.475545168,1.0,0.0,695.0,0.0,700.0,-5.0,-0.05172493217500019,0.2641,0.21237506782499982,700.0,-5.0,-0.04656775144999969,0.22240000000000001,0.17583224855000032
7.495210503,1.0,0.0,695.0,0.0,700.0,-5.0,-0.05221168742500041,0.2641,0.2118883125749996,700.0,-5.0,-0.04705448484999934,0.22240000000000001,0.17534551515000069
7.519673172,1.0,0.0,695.0,0.0,700.0,-5.0,-0.0525,0.2641,0.2116,680.0,15.0,0.14474816842500202,0.22240000000000001,0.36714816842500203
7.554113176,1.0,0.0,695.0,0.0,700.0,-5.0,-0.0525,0.2641,0.2116,700.0,-5.0,-0.04602866394999793,0.22240000000000001,0.17637133605000208
7.578309845,1.0,0.0,695.0,0.0,680.0,15.0,0.13961531274999855,0.2641,0.40371531274999856,700.0,-5.0,-0.04673373902499762,0.22240000000000001,0.1756662609750024
7.593669888,1.0,0.0,695.0,0.0,680.0,15.0,0.14079684722499974,0.2641,0.40489684722499975,700.0,-5.0,-0.04712760572499761,0.22240000000000001,0.1752723942750024
7.612515057,1.0,0.0,695.0,0.0,680.0,15.0,0.14218549419999815,0.2641,0.40628549419999815,700.0,-5.0,-0.04759045889999768,0.22240000000000001,0.17480954110000232
7.635024142,1.0,0.0,695.0,0.0,700.0,-5.0,-0.048369204825002184,0.2641,0.21573079517499782,700.0,-5.0,-0.048145187074998146,0.22240000000000001,0.17425481292500186
7.651561644,1.0,0.0,695.0,0.0,700.0,-5.0,-0.04880092257500209,0.2641,0.2152990774249979,680.0,15.0,0.14314996617500156,0.22240000000000001,0.3655499661750016
7.67879223,1.0,0.0,695.0,0.0,700.0,-5.0,-0.04945717265000212,0.2641,0.21464282734999787,680.0,15.0,0.14511867260000016,0.22240000000000001,0.36751867260000015
7.70904915,1.0,0.0,695.0,0.0,700.0,-5.0,-0.05023430397500178,0.2641,0.21386569602499822,720.0,-25.0,-0.2387670570250006,0.22240000000000001,-0.016367057025000575
7.735926236,1.0,0.0,695.0,0.0,700.0,-5.0,-0.05089066340000215,0.2641,0.21320933659999786,700.0,-5.0,-0.049423416450000986,0.22240000000000001,0.17297658354999904
7.76284153,1.0,0.0,695.0,0.0,700.0,-5.0,-0.051577567650002154,0.2641,0.21252243234999785,680.0,15.0,0.14263712132499917,0.22240000000000001,0.3650371213249992
7.79343795,1.0,0.0,695.0,0.0,700.0,-5.0,-0.052308717725002084,0.2641,0.2117912822749979,700.0,-5.0,-0.048092059975000295,0.22240000000000001,0.17430794002499972
7.810720368,1.0,0.0,695.0,0.0,700.0,-5.0,-0.0525,0.2641,0.2116,680.0,15.0,0.1433043527249998,0.22240000000000001,0.3657043527249998
7.828267037,1.0,0.0,695.0,0.0,700.0,-5.0,-0.0525,0.2641,0.2116,680.0,15.0,0.14472277162500033,0.22240000000000001,0.36712277162500034
7.845505705,1.0,0.0,695.0,0.0,700.0,-5.0,-0.0525,0.2641,0.2116,680.0,15.0,0.14600416545000014,0.22240000000000001,0.36840416545000015
7.863003374,1.0,0.0,695.0,0.0,700.0,-5.0,-0.0525,0.2641,0.2116,700.0,-5.0,-0.044441741899999984,0.22240000000000001,0.17795825810000004
7.8779615,1.0,0.0,695.0,0.0,700.0,-5.0,-0.0525,0.2641,0.2116,700.0,-5.0,-0.04480895027499969,0.22240000000000001,0.17759104972500034
7.896662002,1.0,0.0,695.0,0.0,680.0,15.0,0.13880571887499968,0.2641,0.4029057188749997,700.0,-5.0,-0.04524421177499988,0.22240000000000001,0.17715578822500014
7.91256892,1.0,0.0,695.0,0.0,680.0,15.0,0.14002124717500164,0.2641,0.40412124717500164,700.0,-5.0,-0.045649373275000044,0.22240000000000001,0.17675062672499997
7.934523256,1.0,0.0,695.0,0.0,680.0,15.0,0.14140582539999969,0.2641,0.4055058253999997,700.0,-5.0,-0.04611090664999964,0.22240000000000001,0.17628909335000037
7.951359716,1.0,0.0,695.0,0.0,700.0,-5.0,-0.049092122575000875,0.2641,0.21500787742499913,700.0,-5.0,-0.04660886189999999,0.22240000000000001,0.17579113810000002
7.971631135,1.0,0.0,695.0,0.0,700.0,-5.0,-0.0495951747000008,0.2641,0.2145048252999992,720.0,-25.0,-0.23912412252499962,0.22240000000000001,-0.016724122524999607
7.999351721,1.0,0.0,695.0,0.0,720.0,-25.0,-0.2425,0.2641,0.021600000000000008,700.0,-5.0,-0.04981874864999966,0.22240000000000001,0.17258125135000035
8.027515057,0.0,0.0,695.0,0.0,720.0,-25.0,-0.2425,0.2641,0.021600000000000008,680.0,15.0,0.1424310078250008,0.22240000000000001,0.3648310078250008
8.056985935,1.0,0.0,695.0,0.0,700.0,-5.0,-0.0525,0.2641,0.2116,700.0,-5.0,-0.04812986722499872,0.22240000000000001,0.1742701327750013
8.089757021,1.0,0.0,695.0,0.0,700.0,-5.0,-0.0525,0.2641,0.2116,700.0,-5.0,-0.049120112124998914,0.22240000000000001,0.1732798878750011
8.121233108,1.0,0.0,695.0,0.0,700.0,-5.0,-0.0525,0.2641,0.2116,680.0,15.0,0.14322477870000141,0.22240000000000001,0.36562477870000143
8.145000735,1.0,0.0,695.0,0.0,700.0,-5.0,-0.0525,0.2641,0.2116,680.0,15.0,0.14501839762500082,0.22240000000000001,0.36741839762500084
8.162967404,1.0,0.0,695.0,0.0,700.0,-5.0,-0.0525,0.2641,0.2116,700.0,-5.0,-0.0454253586749995,0.22240000000000001,0.17697464132500051
8.18948049,1.0,0.0,695.0,0.0,700.0,-5.0,-0.0525,0.2641,0.2116,700.0,-5.0,-0.04609910144999915,0.22240000000000001,0.17630089855000086
8.208300867,1.0,0.0,695.0,0.0,680.0,15.0,0.1388159563749994,0.2641,0.40291595637499944,680.0,15.0,0.14521685492500025,0.22240000000000001,0.3676168549250003
8.239383203,1.0,0.0,695.0,0.0,680.0,15.0,0.14110064724999985,0.2641,0.4052006472499998,680.0,15.0,0.1475,0.22240000000000001,0.3699
8.27334254,1.0,0.0,720.0,0.9,700.0,20.0,0.19204356835000014,0.2736,0.46564356835000015,700.0,20.0,0.195,0.23040000000000002,0.4254
8.301728126,1.0,0.0,720.0,0.9,720.0,0.0,0.002043568350000129,0.2736,0.27564356835000015,700.0,20.0,0.195,0.23040000000000002,0.4254
8.315161419,1.0,0.0,720.0,0.9,720.0,0.0,0.002043568350000129,0.2736,0.27564356835000015,700.0,20.0,0.195,0.23040000000000002,0.4254
8.331986796,1.0,0.0,720.0,0.9,720.0,0.0,0.002043568350000129,0.2736,0.27564356835000015,700.0,20.0,0.195,0.23040000000000002,0.4254
8.355316631,1.0,0.0,720.0,0.9,700.0,20.0,0.19425451855000078,0.2736,0.4678545185500008,700.0,20.0,0.195,0.23040000000000002,0.4254
8.369297674,1.0,0.0,720.0,0.9,700.0,20.0,0.195,0.2736,0.4686,700.0,20.0,0.195,0.23040000000000002,0.4254
8.394122594,1.0,0.0,720.0,0.9,720.0,0.0,0.005,0.2736,0.2786,720.0,0.0,0.005,0.23040000000000002,0.23540000000000003
8.406400887,1.0,0.0,720.0,0.9,720.0,0.0,0.005,0.2736,0.2786,720.0,0.0,0.005,0.23040000000000002,0.23540000000000003
8.433627389,1.0,0.0,720.0,0.9,720.0,0.0,0.005,0.2736,0.2786,720.0,0.0,0.005,0.23040000000000002,0.23540000000000003
8.447049599,1.0,0.0,720.0,0.9,720.0,0.0,0.005,0.2736,0.2786,720.0,0.0,0.005,0.23040000000000002,0.23540000000000003
8.472018018,1.0,0.0,720.0,0.9,740.0,-20.0,-0.18718394190000026,0.2736,0.08641605809999975,720.0,0.0,0.005,0.23040000000000002,0.23540000000000003
8.497898479,1.0,0.0,720.0,0.9,740.0,-20.0,-0.18994876719999979,0.2736,0.08365123280000022,720.0,0.0,0.005,0.23040000000000002,0.23540000000000003
8.524075857,1.0,0.0,720.0,0.9,720.0,0.0,5.123280000020714E-5,0.2736,0.2736512328000002,720.0,0.0,0.005,0.23040000000000002,0.23540000000000003
8.539760817,1.0,0.0,720.0,0.9,720.0,0.0,5.123280000020714E-5,0.2736,0.2736512328000002,720.0,0.0,0.005,0.23040000000000002,0.23540000000000003
8.559307444,1.0,0.0,720.0,0.9,720.0,0.0,5.123280000020714E-5,0.2736,0.2736512328000002,720.0,0.0,0.005,0.23040000000000002,0.23540000000000003
8.574932903,1.0,0.0,720.0,0.9,740.0,-20.0,-0.19185915490000185,0.2736,0.08174084509999816,720.0,0.0,0.005,0.23040000000000002,0.23540000000000003
8.590578197,1.0,0.0,720.0,0.9,740.0,-20.0,-0.1933790592000014,0.2736,0.08022094079999861,720.0,0.0,0.005,0.23040000000000002,0.23540000000000003
8.60931049,1.0,0.0,720.0,0.9,720.0,0.0,-0.0033790592000013933,0.2736,0.27022094079999864,720.0,0.0,0.005,0.23040000000000002,0.23540000000000003
8.622499367,1.0,0.0,720.0,0.9,720.0,0.0,-0.0033790592000013933,0.2736,0.27022094079999864,720.0,0.0,0.005,0.23040000000000002,0.23540000000000003
8.63649091,1.0,0.0,720.0,0.9,720.0,0.0,-0.0033790592000013933,0.2736,0.27022094079999864,720.0,0.0,0.005,0.23040000000000002,0.23540000000000003
8.652200661,1.0,0.0,720.0,0.9,740.0,-20.0,-0.1948168885000007,0.2736,0.07878311149999931,720.0,0.0,0.005,0.23040000000000002,0.23540000000000003
8.683182373,1.0,0.0,720.0,0.9,720.0,0.0,-0.004816888500000687,0.2736,0.26878311149999934,700.0,20.0,0.195,0.23040000000000002,0.4254
8.72005021,1.0,0.0,720.0,0.9,720.0,0.0,-0.004816888500000687,0.2736,0.26878311149999934,720.0,0.0,0.005,0.23040000000000002,0.23540000000000003
8.741536712,1.0,0.0,720.0,0.9,720.0,0.0,-0.004816888500000687,0.2736,0.26878311149999934,720.0,0.0,0.005,0.23040000000000002,0.23540000000000003
8.753852921,1.0,0.0,720.0,0.9,720.0,0.0,-0.004816888500000687,0.2736,0.26878311149999934,720.0,0.0,0.005,0.23040000000000002,0.23540000000000003
8.768978756,1.0,0.0,720.0,0.9,720.0,0.0,-0.004816888500000687,0.2736,0.26878311149999934,740.0,-20.0,-0.18631191680000028,0.23040000000000002,0.04408808319999974
8.790715509,1.0,0.0,720.0,0.9,720.0,0.0,-0.004816888500000687,0.2736,0.26878311149999934,720.0,0.0,0.00368808319999971,0.23040000000000002,0.23408808319999974
8.813473094,1.0,0.0,720.0,0.9,720.0,0.0,-0.004816888500000687,0.2736,0.26878311149999934,720.0,0.0,0.00368808319999971,0.23040000000000002,0.23408808319999974
8.831539221,1.0,0.0,720.0,0.9,720.0,0.0,-0.004816888500000687,0.2736,0.26878311149999934,720.0,0.0,0.00368808319999971,0.23040000000000002,0.23408808319999974
8.847060556,1.0,0.0,720.0,0.9,720.0,0.0,-0.004816888500000687,0.2736,0.26878311149999934,740.0,-20.0,-0.18765982519999852,0.23040000000000002,0.0427401748000015
8.861125891,1.0,0.0,720.0,0.9,720.0,0.0,-0.004816888500000687,0.2736,0.26878311149999934,740.0,-20.0,-0.18903943789999914,0.23040000000000002,0.041360562100000886
8.879453642,1.0,0.0,720.0,0.9,720.0,0.0,-0.004816888500000687,0.2736,0.26878311149999934,740.0,-20.0,-0.19089274639999929,0.23040000000000002,0.039507253600000736
8.898677978,1.0,0.0,720.0,0.9,720.0,0.0,-0.004816888500000687,0.2736,0.26878311149999934,720.0,0.0,-8.927463999992824E-4,0.23040000000000002,0.22950725360000074
8.915831188,1.0,0.0,720.0,0.9,720.0,0.0,-0.004816888500000687,0.2736,0.26878311149999934,720.0,0.0,-8.927463999992824E-4,0.23040000000000002,0.22950725360000074
8.930184981,1.0,0.0,720.0,0.9,720.0,0.0,-0.004816888500000687,0.2736,0.26878311149999934,720.0,0.0,-8.927463999992824E-4,0.23040000000000002,0.22950725360000074
8.948539566,1.0,0.0,720.0,0.9,720.0,0.0,-0.004816888500000687,0.2736,0.26878311149999934,740.0,-20.0,-0.19248530489999838,0.23040000000000002,0.037914695100001644
8.966339109,1.0,0.0,720.0,0.9,720.0,0.0,-0.004816888500000687,0.2736,0.26878311149999934,720.0,0.0,-0.0024853048999983686,0.23040000000000002,0.22791469510000165
8.980671611,1.0,0.0,720.0,0.9,720.0,0.0,-0.004816888500000687,0.2736,0.26878311149999934,720.0,0.0,-0.0024853048999983686,0.23040000000000002,0.22791469510000165
8.998731029,1.0,0.0,720.0,0.9,740.0,-20.0,-0.195,0.2736,0.0786,720.0,0.0,-0.0024853048999983686,0.23040000000000002,0.22791469510000165
9.010929697,1.0,0.0,720.0,0.9,720.0,0.0,-0.005,0.2736,0.2686,720.0,0.0,-0.0024853048999983686,0.23040000000000002,0.22791469510000165
9.024820324,1.0,0.0,720.0,0.9,720.0,0.0,-0.005,0.2736,0.2686,720.0,0.0,-0.0024853048999983686,0.23040000000000002,0.22791469510000165
9.039867117,1.0,0.0,720.0,0.9,740.0,-20.0,-0.195,0.2736,0.0786,720.0,0.0,-0.0024853048999983686,0.23040000000000002,0.22791469510000165
9.064109286,1.0,0.0,720.0,0.9,720.0,0.0,-0.005,0.2736,0.2686,720.0,0.0,-0.0024853048999983686,0.23040000000000002,0.22791469510000165
9.079099204,1.0,0.0,720.0,0.9,720.0,0.0,-0.005,0.2736,0.2686,720.0,0.0,-0.0024853048999983686,0.23040000000000002,0.22791469510000165
9.099787998,1.0,0.0,720.0,0.9,720.0,0.0,-0.005,0.2736,0.2686,720.0,0.0,-0.0024853048999983686,0.23040000000000002,0.22791469510000165
9.111417041,1.0,0.0,720.0,0.9,720.0,0.0,-0.005,0.2736,0.2686,720.0,0.0,-0.0024853048999983686,0.23040000000000002,0.22791469510000165
9.125051,1.0,0.0,720.0,0.9,720.0,0.0,-0.005,0.2736,0.2686,720.0,0.0,-0.0024853048999983686,0.23040000000000002,0.22791469510000165
9.136599252,1.0,0.0,720.0,0.9,720.0,0.0,-0.005,0.2736,0.2686,720.0,0.0,-0.0024853048999983686,0.23040000000000002,0.22791469510000165
9.151926045,1.0,0.0,720.0,0.9,720.0,0.0,-0.005,0.2736,0.2686,720.0,0.0,-0.0024853048999983686,0.23040000000000002,0.22791469510000165
9.165484463,1.0,0.0,720.0,0.9,720.0,0.0,-0.005,0.2736,0.2686,720.0,0.0,-0.0024853048999983686,0.23040000000000002,0.22791469510000165
9.179661214,1.0,0.0,720.0,0.9,720.0,0.0,-0.005,0.2736,0.2686,720.0,0.0,-0.0024853048999983686,0.23040000000000002,0.22791469510000165
9.193100049,1.0,0.0,720.0,0.9,720.0,0.0,-0.005,0.2736,0.2686,720.0,0.0,-0.0024853048999983686,0.23040000000000002,0.22791469510000165
9.215308134,1.0,0.0,720.0,0.9,720.0,0.0,-0.005,0.2736,0.2686,700.0,20.0,0.18908333690000176,0.23040000000000002,0.4194833369000018
9.236085887,1.0,0.0,720.0,0.9,720.0,0.0,-0.005,0.2736,0.2686,720.0,0.0,-9.166630999982318E-4,0.23040000000000002,0.22948333690000178
9.248682388,1.0,0.0,720.0,0.9,720.0,0.0,-0.005,0.2736,0.2686,720.0,0.0,-9.166630999982318E-4,0.23040000000000002,0.22948333690000178
9.27149889,1.0,0.0,720.0,0.9,740.0,-20.0,-0.195,0.2736,0.0786,720.0,0.0,-9.166630999982318E-4,0.23040000000000002,0.22948333690000178
9.288978475,1.0,0.0,720.0,0.9,720.0,0.0,-0.005,0.2736,0.2686,720.0,0.0,-9.166630999982318E-4,0.23040000000000002,0.22948333690000178
9.303622185,1.0,0.0,720.0,0.9,720.0,0.0,-0.005,0.2736,0.2686,720.0,0.0,-9.166630999982318E-4,0.23040000000000002,0.22948333690000178
9.324007062,1.0,0.0,720.0,0.9,720.0,0.0,-0.005,0.2736,0.2686,740.0,-20.0,-0.19275252999999906,0.23040000000000002,0.03764747000000096
9.352486857,1.0,0.0,720.0,0.9,720.0,0.0,-0.005,0.2736,0.2686,720.0,0.0,-0.0027525299999990693,0.23040000000000002,0.22764747000000096
9.366473441,1.0,0.0,720.0,0.9,720.0,0.0,-0.005,0.2736,0.2686,720.0,0.0,-0.0027525299999990693,0.23040000000000002,0.22764747000000096
9.379646859,1.0,0.0,720.0,0.9,720.0,0.0,-0.005,0.2736,0.2686,720.0,0.0,-0.0027525299999990693,0.23040000000000002,0.22764747000000096
9.398588861,1.0,0.0,720.0,0.9,720.0,0.0,-0.005,0.2736,0.2686,720.0,0.0,-0.0027525299999990693,0.23040000000000002,0.22764747000000096
9.412816946,1.0,0.0,720.0,0.9,720.0,0.0,-0.005,0.2736,0.2686,740.0,-20.0,-0.19401005089999956,0.23040000000000002,0.03638994910000046
9.426768239,1.0,0.0,720.0,0.9,720.0,0.0,-0.005,0.2736,0.2686,720.0,0.0,-0.004010050899999555,0.23040000000000002,0.22638994910000046
9.442193616,1.0,0.0,720.0,0.9,720.0,0.0,-0.005,0.2736,0.2686,720.0,0.0,-0.004010050899999555,0.23040000000000002,0.22638994910000046
9.46492991,1.0,0.0,720.0,0.9,720.0,0.0,-0.005,0.2736,0.2686,700.0,20.0,0.18801834519999944,0.23040000000000002,0.41841834519999943
9.480499661,1.0,0.0,720.0,0.9,720.0,0.0,-0.005,0.2736,0.2686,720.0,0.0,-0.0019816548000005695,0.23040000000000002,0.22841834519999946
9.495175163,1.0,0.0,720.0,0.9,740.0,-20.0,-0.195,0.2736,0.0786,720.0,0.0,-0.0019816548000005695,0.23040000000000002,0.22841834519999946
9.511814748,1.0,0.0,720.0,0.9,720.0,0.0,-0.005,0.2736,0.2686,720.0,0.0,-0.0019816548000005695,0.23040000000000002,0.22841834519999946
9.525722582,1.0,0.0,720.0,0.9,720.0,0.0,-0.005,0.2736,0.2686,720.0,0.0,-0.0019816548000005695,0.23040000000000002,0.22841834519999946
9.543362292,1.0,1.0,720.0,0.9,720.0,0.0,-0.005,0.2736,0.2686,720.0,0.0,-0.0019816548000005695,0.23040000000000002,0.22841834519999946
9.562406669,1.0,0.0,720.0,0.9,720.0,0.0,-0.005,0.2736,0.2686,720.0,0.0,-0.0019816548000005695,0.23040000000000002,0.22841834519999946
9.577238504,1.0,0.0,720.0,0.9,740.0,-20.0,-0.195,0.2736,0.0786,720.0,0.0,-0.0019816548000005695,0.23040000000000002,0.22841834519999946
9.591996256,1.0,0.0,720.0,0.9,720.0,0.0,-0.005,0.2736,0.2686,720.0,0.0,-0.0019816548000005695,0.23040000000000002,0.22841834519999946
9.603755674,1.0,0.0,720.0,0.9,720.0,0.0,-0.005,0.2736,0.2686,720.0,0.0,-0.0019816548000005695,0.23040000000000002,0.22841834519999946
9.618195217,1.0,0.0,720.0,0.9,720.0,0.0,-0.005,0.2736,0.2686,720.0,0.0,-0.0019816548000005695,0.23040000000000002,0.22841834519999946
9.636048135,1.0,0.0,720.0,0.9,720.0,0.0,-0.005,0.2736,0.2686,720.0,0.0,-0.0019816548000005695,0.23040000000000002,0.22841834519999946
9.652408887,1.0,0.0,720.0,0.9,720.0,0.0,-0.005,0.2736,0.2686,720.0,0.0,-0.0019816548000005695,0.23040000000000002,0.22841834519999946
9.664931596,1.0,0.0,720.0,0.9,720.0,0.0,-0.005,0.2736,0.2686,720.0,0.0,-0.0019816548000005695,0.23040000000000002,0.22841834519999946
9.677932348,1.0,0.0,720.0,0.9,720.0,0.0,-0.005,0.2736,0.2686,720.0,0.0,-0.0019816548000005695,0.23040000000000002,0.22841834519999946
9.691969391,1.0,0.0,720.0,0.9,720.0,0.0,-0.005,0.2736,0.2686,720.0,0.0,-0.0019816548000005695,0.23040000000000002,0.22841834519999946
9.703331267,1.0,0.0,720.0,0.9,720.0,0.0,-0.005,0.2736,0.2686,720.0,0.0,-0.0019816548000005695,0.23040000000000002,0.22841834519999946
9.715395768,1.0,0.0,720.0,0.9,720.0,0.0,-0.005,0.2736,0.2686,720.0,0.0,-0.0019816548000005695,0.23040000000000002,0.22841834519999946
9.736333062,1.0,0.0,720.0,0.9,720.0,0.0,-0.005,0.2736,0.2686,700.0,20.0,0.18969962869999904,0.23040000000000002,0.42009962869999906
9.749899647,1.0,0.0,720.0,0.9,720.0,0.0,-0.005,0.2736,0.2686,720.0,0.0,-3.0037130000096115E-4,0.23040000000000002,0.23009962869999906
9.769833607,0.0,0.0,720.0,0.9,660.0,60.0,0.5705965006000008,0.2736,0.8441965006000007,640.0,80.0,0.765,0.23040000000000002,0.9954000000000001
9.784716192,0.0,0.0,720.0,0.9,580.0,140.0,1.335,0.2736,1.0,620.0,100.0,0.955,0.23040000000000002,1.0
9.800910402,0.0,0.0,720.0,0.9,560.0,160.0,1.525,0.2736,1.0,540.0,180.0,1.7149999999999999,0.23040000000000002,1.0
9.812800778,0.0,0.0,720.0,0.9,580.0,140.0,1.335,0.2736,1.0,580.0,140.0,1.335,0.23040000000000002,1.0
9.825649571,0.0,0.0,720.0,0.9,580.0,140.0,1.335,0.2736,1.0,580.0,140.0,1.335,0.23040000000000002,1.0
9.850799698,0.0,0.0,720.0,0.9,640.0,80.0,0.765,0.2736,1.0,620.0,100.0,0.955,0.23040000000000002,1.0
9.86701345,0.0,0.0,720.0,0.9,660.0,60.0,0.575,0.2736,0.8486,640.0,80.0,0.765,0.23040000000000002,0.9954000000000001
9.882204035,0.0,0.0,720.0,0.9,680.0,40.0,0.385,0.2736,0.6586000000000001,680.0,40.0,0.385,0.23040000000000002,0.6154000000000001
9.897911161,1.0,0.0,720.0,0.9,700.0,20.0,0.195,0.2736,0.4686,700.0,20.0,0.195,0.23040000000000002,0.4254
9.91711158,1.0,0.0,720.0,0.9,740.0,-20.0,-0.18690586689999747,0.2736,0.08669413310000254,720.0,0.0,0.005,0.23040000000000002,0.23540000000000003
9.931727581,0.0,0.0,720.0,0.9,760.0,-40.0,-0.38026837550000037,0.2736,-0.10666837550000036,720.0,0.0,0.005,0.23040000000000002,0.23540000000000003
9.946760083,0.0,0.0,720.0,0.9,760.0,-40.0,-0.3832889924999989,0.2736,-0.10968899249999892,720.0,0.0,0.005,0.23040000000000002,0.23540000000000003
9.966034002,0.0,0.0,720.0,0.9,760.0,-40.0,-0.385,0.2736,-0.1114,740.0,-20.0,-0.18646550850000154,0.23040000000000002,0.04393449149999848
9.986936004,0.0,0.0,720.0,0.9,760.0,-40.0,-0.385,0.2736,-0.1114,740.0,-20.0,-0.18893032540000035,0.23040000000000002,0.04146967459999967
10.001637464,0.0,0.0,720.0,0.9,740.0,-20.0,-0.195,0.2736,0.0786,760.0,-40.0,-0.381596567400004,0.23040000000000002,-0.151196567400004
10.025285216,1.0,0.0,720.0,0.9,720.0,0.0,-0.005,0.2736,0.2686,740.0,-20.0,-0.193833505100003,0.23040000000000002,0.036566494899997026
10.041403009,0.0,0.0,720.0,0.9,700.0,20.0,0.18671342520000053,0.2736,0.4603134252000005,740.0,-20.0,-0.195,0.23040000000000002,0.035400000000000015
10.057332969,1.0,0.0,720.0,0.9,720.0,0.0,-0.003286574799999471,0.2736,0.2703134252000005,720.0,0.0,-0.005,0.23040000000000002,0.22540000000000002
10.077642888,1.0,0.0,720.0,0.9,720.0,0.0,-0.003286574799999471,0.2736,0.2703134252000005,740.0,-20.0,-0.195,0.23040000000000002,0.035400000000000015
10.092924181,1.0,0.0,720.0,0.9,720.0,0.0,-0.003286574799999471,0.2736,0.2703134252000005,720.0,0.0,-0.005,0.23040000000000002,0.22540000000000002
10.106564266,1.0,0.0,720.0,0.9,700.0,20.0,0.18848497960000032,0.2736,0.46208497960000033,720.0,0.0,-0.005,0.23040000000000002,0.22540000000000002
10.119133059,1.0,0.0,720.0,0.9,700.0,20.0,0.1897534672000012,0.2736,0.4633534672000012,720.0,0.0,-0.005,0.23040000000000002,0.22540000000000002
10.134048602,1.0,0.0,720.0,0.9,720.0,0.0,-2.465327999988176E-4,0.2736,0.2733534672000012,700.0,20.0,0.186293483500001,0.23040000000000002,0.416693483500001
10.147196936,1.0,0.0,720.0,0.9,720.0,0.0,-2.465327999988176E-4,0.2736,0.2733534672000012,720.0,0.0,-0.0037065164999989975,0.23040000000000002,0.22669348350000101
10.16735373,1.0,0.0,720.0,0.9,720.0,0.0,-2.465327999988176E-4,0.2736,0.2733534672000012,720.0,0.0,-0.0037065164999989975,0.23040000000000002,0.22669348350000101
10.178332356,1.0,0.0,720.0,0.9,720.0,0.0,-2.465327999988176E-4,0.2736,0.2733534672000012,720.0,0.0,-0.0037065164999989975,0.23040000000000002,0.22669348350000101
10.190723233,1.0,0.0,720.0,0.9,720.0,0.0,-2.465327999988176E-4,0.2736,0.2733534672000012,720.0,0.0,-0.0037065164999989975,0.23040000000000002,0.22669348350000101
10.2038144,1.0,0.0,720.0,0.9,720.0,0.0,-2.465327999988176E-4,0.2736,0.2733534672000012,700.0,20.0,0.18739012119999984,0.23040000000000002,0.41779012119999986
10.223000819,1.0,0.0,720.0,0.9,740.0,-20.0,-0.19203573299999846,0.2736,0.08156426700000155,720.0,0.0,-0.0026098788000001607,0.23040000000000002,0.22779012119999986
10.239678612,1.0,0.0,720.0,0.9,720.0,0.0,-0.0020357329999984588,0.2736,0.2715642670000015,720.0,0.0,-0.0026098788000001607,0.23040000000000002,0.22779012119999986
10.252875947,1.0,0.0,720.0,0.9,740.0,-20.0,-0.19337092479999682,0.2736,0.08022907520000319,720.0,0.0,-0.0026098788000001607,0.23040000000000002,0.22779012119999986
10.264822323,1.0,0.0,720.0,0.9,720.0,0.0,-0.0033709247999968283,0.2736,0.27022907520000317,720.0,0.0,-0.0026098788000001607,0.23040000000000002,0.22779012119999986
10.276717658,1.0,0.0,720.0,0.9,720.0,0.0,-0.0033709247999968283,0.2736,0.27022907520000317,720.0,0.0,-0.0026098788000001607,0.23040000000000002,0.22779012119999986
10.290603326,1.0,0.0,720.0,0.9,720.0,0.0,-0.0033709247999968283,0.2736,0.27022907520000317,720.0,0.0,-0.0026098788000001607,0.23040000000000002,0.22779012119999986
10.310997828,1.0,0.0,720.0,0.9,720.0,0.0,-0.0033709247999968283,0.2736,0.27022907520000317,740.0,-20.0,-0.19411741649999897,0.23040000000000002,0.03628258350000105
10.343644956,0.0,0.0,720.0,0.9,660.0,60.0,0.575,0.2736,0.8486,620.0,100.0,0.955,0.23040000000000002,1.0
10.373138584,0.0,0.0,720.0,0.9,560.0,160.0,1.525,0.2736,1.0,560.0,160.0,1.525,0.23040000000000002,1.0
10.38376196,0.0,0.0,720.0,0.9,560.0,160.0,1.525,0.2736,1.0,560.0,160.0,1.525,0.23040000000000002,1.0
10.398357837,0.0,0.0,720.0,0.9,600.0,120.0,1.1449999999999998,0.2736,1.0,580.0,140.0,1.335,0.23040000000000002,1.0
10.409541796,0.0,0.0,720.0,0.9,620.0,100.0,0.955,0.2736,1.0,600.0,120.0,1.1449999999999998,0.23040000000000002,1.0
10.427670923,0.0,0.0,720.0,0.9,640.0,80.0,0.765,0.2736,1.0,640.0,80.0,0.765,0.23040000000000002,0.9954000000000001
10.443778508,0.0,0.0,720.0,0.9,660.0,60.0,0.575,0.2736,0.8486,660.0,60.0,0.575,0.23040000000000002,0.8054
10.46777101,1.0,0.0,720.0,0.9,720.0,0.0,0.005,0.2736,0.2786,700.0,20.0,0.195,0.23040000000000002,0.4254
10.485306304,0.0,0.0,720.0,0.9,740.0,-20.0,-0.18697621690000177,0.2736,0.08662378309999824,700.0,20.0,0.195,0.23040000000000002,0.4254
10.501638472,1.0,0.0,720.0,0.9,740.0,-20.0,-0.18839587530000074,0.2736,0.08520412469999927,720.0,0.0,0.005,0.23040000000000002,0.23540000000000003
10.513080265,1.0,0.0,720.0,0.9,740.0,-20.0,-0.18975428379999984,0.2736,0.08384571620000017,720.0,0.0,0.005,0.23040000000000002,0.23540000000000003
10.5350521,1.0,0.0,720.0,0.9,740.0,-20.0,-0.19182625489999963,0.2736,0.08177374510000038,720.0,0.0,0.005,0.23040000000000002,0.23540000000000003
10.551472644,0.0,0.0,720.0,0.9,760.0,-40.0,-0.38490083010000264,0.2736,-0.11130083010000263,740.0,-20.0,-0.18653731679999966,0.23040000000000002,0.04386268320000036
10.568608062,0.0,0.0,720.0,0.9,760.0,-40.0,-0.385,0.2736,-0.1114,740.0,-20.0,-0.18826631689999887,0.23040000000000002,0.04213368310000115
10.588273397,0.0,0.0,720.0,0.9,760.0,-40.0,-0.385,0.2736,-0.1114,760.0,-40.0,-0.38220317569999906,0.23040000000000002,-0.15180317569999904
10.607942816,1.0,0.0,720.0,0.9,720.0,0.0,-0.005,0.2736,0.2686,740.0,-20.0,-0.19396230509999896,0.23040000000000002,0.036437694900001066
10.625474026,1.0,0.0,720.0,0.9,740.0,-20.0,-0.195,0.2736,0.0786,740.0,-20.0,-0.195,0.23040000000000002,0.035400000000000015
10.642261195,1.0,0.0,720.0,0.9,720.0,0.0,-0.005,0.2736,0.2686,720.0,0.0,-0.005,0.23040000000000002,0.22540000000000002
10.660634155,1.0,0.0,720.0,0.9,720.0,0.0,-0.005,0.2736,0.2686,740.0,-20.0,-0.195,0.23040000000000002,0.035400000000000015
10.680108448,1.0,0.0,720.0,0.9,700.0,20.0,0.18672477110000102,0.2736,0.46032477110000103,720.0,0.0,-0.005,0.23040000000000002,0.22540000000000002
10.693023158,1.0,0.0,720.0,0.9,700.0,20.0,0.18832768369999883,0.2736,0.4619276836999988,720.0,0.0,-0.005,0.23040000000000002,0.22540000000000002
10.706255493,1.0,0.0,720.0,0.9,720.0,0.0,-0.001672316300001171,0.2736,0.2719276836999988,720.0,0.0,-0.005,0.23